ID,Description_VN,Category,Calories,Protein,TotalFat,Carbohydrate,Sugar,Water,Ash,Calcium,Iron,Magnesium,Phosphorus,Potassium,Sodium,Zinc,Copper,Manganese,Selenium,VitaminA,Retinol,BetaCarotene,VitaminC,VitaminD,VitaminE,VitaminK,VitaminB1,VitaminB2,VitaminB3,VitaminB5,VitaminB6,Folate,SaturatedFat,MonounsaturatedFat,PolyunsaturatedFat,Tryptophan,Threonine,Isoleucine,Leucine,Lysine,Methionine,Cystine,Phenylalanine,Tyrosine,Valine,Arginine,Histidine,Alanine,AsparticAcid,GlutamicAcid,Glycine,Proline,Serine
20001,Bạch tuộc nướng,Vietnamese Cuisine,318.5,47.8,37.9,31.9,1.6,12,0.7,434.4,3,3.5,20.1,485.3,417.9,1.1,0.9,0.9,1.5,105,86.4,58.2,3.1,0.7,1.5,1.8,2.3,3.9,1,2.6,3,0.2,6.1,1.8,0.7,4.7,4.8,4,1.5,0.5,3.4,2.2,0.6,2.5,0.2,4.6,1.3,3.3,1.6,2.6,2.7,0.9,4.8
20002,Bánh bao,Vietnamese Cuisine,498.8,47.3,45.3,31.9,9.2,9,2,32.2,1.6,2,143,416.1,184.8,1.4,2.7,0.7,4,14.9,197.4,154.4,1,0,4.1,3.5,3.6,3.9,0.4,1.8,0.6,4.3,6.3,3.4,0.7,1.6,1.6,3.6,3.2,4.4,2.4,0.6,3.6,3.8,2.8,3.9,2.5,2.6,2.1,0.1,0.6,0.2,3.2
20003,Bánh bèo,Vietnamese Cuisine,291.5,27.9,45.8,16.2,4.2,39,2.4,47.7,1.5,0.8,465.6,406,320.4,4.4,4,0.9,4.5,107.9,161.5,179.2,1.6,0.6,1.2,2.1,4.1,4.3,0,2.6,2.1,1.1,1.3,3.4,9.4,1.6,2.6,3.5,1.8,4.9,4.8,1.3,2.5,1.5,1.4,0.2,3,2.5,0.3,1.4,4.5,1.2,0.7
20004,Bánh canh cua,Vietnamese Cuisine,370.2,49.4,15.9,35.2,7.6,15.7,7.3,190.2,3.2,3.2,272.5,54.2,419.3,1.6,0.9,0.2,3,135.5,3.3,102.4,1.1,3.2,0.9,3.5,1.9,4.7,0.7,1.7,0.6,4.6,8.8,2.6,6.6,4.1,2.8,2.6,1.2,0.5,4.5,4.5,3.2,1.7,1.8,3.6,4.5,4.4,3.9,3.2,0.4,0.8,4.5
20005,Bánh chưng,Vietnamese Cuisine,422.9,5.4,9.6,34.9,0.2,12.2,5.5,349,3.3,1.1,359,126.2,169.4,3.7,3.2,4.2,3.3,113.7,18.7,73.5,1.3,1.2,4.9,2,4.5,3.2,4,2.5,2.9,2.5,2,7.2,2.9,0.1,3.2,0.9,4.7,4.8,4.6,1.9,0.1,4.6,2.2,4.8,4.8,4.3,1.5,1.9,4.3,1.6,0.9
20006,Bánh chuối chiên,Vietnamese Cuisine,400.6,47.1,36.3,30.6,1.1,32.7,9.9,78.6,2.6,4.4,373,351.5,354.2,1.8,1.5,4,4,173.4,182.6,102.3,2.5,4,3.2,3.5,4,4.4,1.7,1.9,0.5,2.9,0.5,4.7,5.5,1.4,3,0.2,0.2,4.1,1.8,0.6,2.6,3.8,1.1,3.1,0.4,0.3,2.7,2.7,3.2,3.6,4.9
20007,Bánh cuốn,Vietnamese Cuisine,382.3,19.5,40.8,17.2,4.4,8.5,0.4,481.7,4.2,3.5,210.4,94.9,86.6,1.3,2.8,3.6,3.3,56,191,147.6,2.8,3.1,2.1,1.2,1.8,3.8,0.1,0.6,0.2,0.2,8.6,7.1,4.8,0.5,2.5,2.4,0.9,2.2,2,3.1,3.2,0.2,1.9,3.1,2.5,4.3,3.3,0.8,0.4,3.2,0.1
20008,Bánh đúc,Vietnamese Cuisine,413.6,47.3,30.9,22.5,6.5,25.6,5.5,471.3,1.9,4.8,453.6,105.9,44,0.5,0.1,0.5,3.4,14.2,63.8,169,0.1,4.1,1.4,0.6,3.5,3.2,4.4,3.7,4,1.4,1.9,7.5,8.1,5,2.1,1.9,3.9,1.7,4.6,4.3,2.2,3.8,3.8,0.5,4.5,2.5,4.1,1.6,4.5,2,0.1
20009,Bánh giò,Vietnamese Cuisine,557.4,9.1,19.4,47.8,9.5,30.8,6.4,229.7,1.5,1.6,339.5,378.7,397.9,4,0.5,2.5,0.3,109.9,88.3,177.5,1.8,0.6,0.7,3.8,3.1,0.5,0.4,3.5,0.4,4.1,7.1,0.9,0.9,4.9,1.9,1.9,4.1,4.7,4.9,3.8,1.9,0.4,3.9,2.8,2.1,4.5,0.6,2.5,0.1,2.4,0.3
20010,Bánh hỏi thịt nướng,Vietnamese Cuisine,203.5,10.3,34.2,38.6,5.9,48.3,3.8,150,4.3,1.1,482,16,485.2,0.2,4.5,2.6,5,14.8,110.8,193.9,2.6,3.2,3.5,2.3,3.1,2.9,4.5,0.2,1.4,4.8,8.9,4.6,6.2,1.4,1,2.3,1.8,2.9,0.4,4.9,4.9,3.5,2.7,1.6,4.1,3.4,0.8,4.6,4.1,4.8,3.6
20011,Bánh khọt,Vietnamese Cuisine,426,23.8,47,44,0.6,6.2,3.8,407.2,4.9,0.8,301.1,196.6,485.3,4.2,4.2,2.4,2.1,54.7,11.3,172.9,4.1,5,5,2.8,3.8,4.7,4.2,1.2,2.3,0.6,9.6,6.1,2.4,3.4,3.1,1.8,0.6,3.4,2.6,3.9,2.6,4.3,2.8,2.8,4.4,2,0.7,0.2,3.8,3.1,3.5
20012,Bánh mì,Vietnamese Cuisine,245.8,11.1,5.6,20.8,5.9,22.6,4.4,453,1.8,2.6,394,204.3,314.8,4.3,4.8,0.7,4.6,98.4,51.6,91.8,4.9,2.5,1.6,3.2,1.2,0.4,0.6,0.6,0.8,0.7,6.4,1.9,3.5,4.5,2.4,3.3,0.9,1,0.2,0.8,1.4,0.9,0.4,0.6,2.3,1,1.8,2.5,3.5,0.2,4
20013,Bánh mì chảo,Vietnamese Cuisine,432.6,8.7,44.3,46.4,0.7,17.5,8.1,376.6,0.9,1,191.5,247.4,312.9,1.8,2.3,3.7,0.2,50.5,142.7,179,2.6,2.7,0.5,2.2,2.7,1.2,1.4,1.9,0.1,1.6,2.2,3.3,1.3,4.4,3,3.4,4,2.5,0.4,2.7,2.9,3.7,2.2,0.6,1.4,1.8,3.2,2.9,1.8,4.9,3
20014,Bánh nậm,Vietnamese Cuisine,256.8,9.6,11.9,16.1,1.7,13.4,2.9,95,4.5,0.4,267,211.1,491.4,0.6,2,4.8,4.3,163.4,51.6,34.2,3.4,4.6,2.8,2.9,1.4,3.8,0.9,1.6,2.1,2.5,2.5,1.2,6.2,1.4,2.9,0.8,2.4,2.7,0.3,1.7,0.7,0.3,5,1.6,4,1.3,3.4,3.8,3,2.4,2.1
20015,Bánh tét,Vietnamese Cuisine,307,46.8,42.4,48.4,1.3,37.9,9.4,98.8,0.3,3.7,291.5,422.5,78.5,4,1,0.8,0.8,162.9,133,104.6,1.8,4.4,2,4.1,2.2,1.9,2.3,1.5,3.7,2.5,2.4,9,3.9,2.7,4.5,3.1,0.6,4.7,3.1,1.7,0.7,4,3.1,2.7,4.5,4,0.8,1.6,1.2,3.7,0.2
20016,Bánh tôm Hồ Tây,Vietnamese Cuisine,406.4,39.3,44.4,20.4,8.2,10,8.5,72.5,2,4,83.5,122.3,363.9,3.6,3.2,3.5,2.7,50.4,69.1,36.3,4.5,2.9,2,2.3,4.7,0.8,2.9,2.5,3.1,0.1,8.7,9.3,5.7,3.5,4.6,3.5,0.8,2.9,3,2.1,3.7,4.7,4.6,2.3,0.6,4.9,4.2,0.6,4.6,4.4,2.6
20017,Bánh tráng nướng,Vietnamese Cuisine,416.1,23,7.5,20.1,8,5.2,3.4,205.1,2.7,4.6,179.7,180,371.4,2.3,1.1,2.3,0.7,35.3,99.7,83.8,4.6,1.8,2.9,3.2,0.1,3.3,0.9,4.8,0.8,2.1,0.9,10,5.1,3,0.3,3.8,1.1,4.5,1,1,0.2,2.4,2.8,0.3,3.9,2.3,2.6,2.2,2,2.8,0.8
20018,Bánh tráng trộn,Vietnamese Cuisine,231.9,43.8,47.6,21.8,2.8,34,4.2,22.4,0.8,3.6,332.9,23.3,118.8,1.2,3.4,0.1,0.5,160,35.7,130.6,1.2,0.5,1.2,3.6,4.3,4.2,2,3.3,1,1.5,9,0.2,1,1,0.1,0.9,2.9,2.1,4.5,4.1,1.7,1.3,1.9,3,1.4,3.1,2,2.8,2.2,1.5,4.7
20019,Bánh xèo,Vietnamese Cuisine,493.6,11.3,44.1,26.9,9,41,4.3,21,1.4,2.7,320.4,136.4,78.3,4.2,4.9,2.6,0.9,54.5,3.7,182.9,0.6,2.9,1.4,2.8,3.3,4.2,1,0.1,0.7,4.5,8.8,6,6,3.3,0.9,4.6,2.1,1.9,2.6,0.2,0.8,3.7,0.4,3,1.2,2,1.4,1.8,3.6,1.5,2.8
20020,Bắp xào mỡ hành,Vietnamese Cuisine,364.2,34.9,47.2,38,2.2,6.4,2.7,301.6,0.3,2.5,302.4,173.8,387.8,0.5,0.4,3.6,2.5,137.7,87,49.3,4.1,4,3.5,1.4,3,1.8,0.5,4.6,0.7,4.8,4.5,1.9,5.5,4.4,3.7,4,3.3,3.5,4.2,1.3,2.4,1.1,4.9,4.7,0.2,3.5,4.6,0.9,2.8,4.6,0.2
20021,Bò bía,Vietnamese Cuisine,463.8,18.4,46.6,48.7,9.4,26.3,8.6,423.8,1.6,4.2,28.1,302.2,122.7,0.6,0.4,3.5,1.7,145,13.1,63.1,2.7,4,1.6,3.1,4.4,3.1,1.2,0.1,4.4,0.1,8.8,5.3,9.4,4,5,1.8,3.8,2,2.4,3.1,4.4,4.9,3.8,2.1,2.1,3.7,1.2,0.6,1.8,1.4,1.5
20022,Bò kho bánh mì,Vietnamese Cuisine,255.1,6.9,5.8,49.4,4.3,22.3,6.8,116.9,4.8,3.9,53.8,214.6,440.8,4.7,2.3,3.1,0.8,198.2,46.3,188.6,3.2,3,2.6,1.2,0.9,1.1,0.9,3.9,1.8,0.3,9.7,8.8,9.3,5,0.9,2,3.8,3.5,0.8,4.1,1.1,1.1,2.7,3,2.9,0.5,4.4,1.3,0.7,4.4,4.8
20023,Bò lúc lắc,Vietnamese Cuisine,538,41.4,34.5,29.8,1,23.4,3.8,137.3,3.6,2.5,49.7,117.9,344.8,0.4,4.3,2.5,2.4,118.5,164.9,69.6,3.4,2.8,1.3,4.4,4,3.3,4.2,4.3,3.5,4.2,7,6.8,6.2,3.8,0.8,4.4,4.4,0.2,4.1,0.6,1.7,3.7,0.8,4.1,4.2,2.5,0,1.4,3.1,4.9,3.2
20024,Bún bò,Vietnamese Cuisine,266.9,33.5,29.3,40.1,1.2,39.2,5.5,481.9,1.7,3.2,466.7,60.2,469.2,3.4,0.4,1.5,3.5,13.5,116.4,69.2,3.1,0.2,4.4,4.9,4.8,3.8,0.7,3.8,0.1,0.1,3.3,4.9,7.7,3.4,2.2,1.4,5,2.1,2.3,0.8,4,3.5,1.1,0.4,3.4,3.3,1.4,4.8,0.8,2.2,4.7
20025,Bún cá cay,Vietnamese Cuisine,338.9,33.7,22.9,17.3,9.8,23.4,9,122.7,1.1,0.2,329.3,190.6,433.5,2.4,4.8,0.9,4.3,155.3,154.2,169,3.8,3.1,0.7,0.2,4.6,3.1,4,2.4,0.6,0.6,6.9,4.4,2.1,2.5,0.3,2.9,1.4,4,1.6,2.3,0.1,0.4,2,2.4,3,1.5,3.5,4.3,3.9,0.2,2.4
20027,Bún chả Hà Nội,Vietnamese Cuisine,232,40.5,34.6,27.4,5.6,37.4,2.4,498.2,4.9,3.3,107.8,343.3,45.4,0.2,1.3,2.3,4.3,145.4,148.5,85.1,1.7,1.9,4.9,0.2,4.3,2.9,2.2,3.6,2.4,4.4,9,4.3,2.8,3,4.6,1.1,3.1,3.2,3.7,0.7,3.6,4.6,0.9,1.2,4.9,0.9,4.3,2.5,1.2,4.4,2.2
20028,Bún đậu mắm tôm,Vietnamese Cuisine,381.7,21.2,31.7,12.4,4,48.6,2.7,33.8,1.6,3.9,74.1,485.2,232.4,1.2,0.4,0.9,2.6,67.4,165.8,86.2,1.2,3.1,3.5,0.8,0.8,0.2,3.7,3.3,2.4,4.2,8.1,5.9,8.7,1,0.6,1.4,0.3,2.7,4.7,0.2,0.6,2.3,4.7,1.6,2.5,0.2,0.8,4.9,4.8,0,4.8
20029,Bún mắm,Vietnamese Cuisine,437.6,44.1,25.5,28.2,4.9,35,1.5,24.7,1.6,3.5,108.9,340,485.3,0.5,3.4,2.2,4.3,35.4,138.5,167.6,4.7,3.4,2.5,3.1,4.4,2.9,0.2,4.7,3.4,3.4,2.2,6.6,4,3.3,0.5,3.3,5,0.2,4.9,2,4.4,3.9,2.8,3.7,4.4,2,1.6,3.3,4,3.8,4
20030,Bún mọc,Vietnamese Cuisine,346,41.8,10.4,29.5,0.2,19.6,3.7,204.1,3.5,2,229.9,126.4,192.9,1.1,0.4,3,3.3,123.9,92.7,76,4.3,2.6,2.4,0.1,1.7,1.9,2,2.9,2.7,3,7.7,8.2,7.2,4.8,0.1,1,0,3.2,4.5,1.2,4.6,0.3,4.7,1.8,0.5,2.4,1.3,1.4,1.5,4,2.7
20031,Bún riêu cua,Vietnamese Cuisine,290.1,32.5,37.2,17.3,4.2,10.5,1.9,343.8,0.9,2.6,357.4,62.4,288,1.3,4.8,2.4,4,110,8.7,126.6,4.8,3,4.1,4.4,1.2,1.1,3.1,2.1,4.2,4.5,3.6,2.4,7.8,1.4,4.1,2.1,3.3,0.5,3.1,2.3,2.9,0.8,3.7,4.3,1.1,0.5,0.1,3.2,3,2.7,1.2
20032,Bún thịt nướng,Vietnamese Cuisine,325.9,31.8,27.4,49.4,1.4,36.3,4.1,219.8,3.6,3.5,495.7,72.9,61,3.6,2.9,1.4,0.4,17.1,178.8,38.4,1.6,1.1,1.8,0.4,2.6,0.4,4,1.2,2.7,4.4,6.5,5.4,3.3,1.7,3.4,5,3.3,2.8,3.7,2.3,0.3,2.8,4.8,0.9,3.4,1,2.7,0.5,2.3,3.8,1.7
20033,Cá bống kho tiêu,Vietnamese Cuisine,449.2,40.8,46.7,15.6,4,11.9,9.9,464.2,2.7,4.2,265.3,315.6,53.7,3.8,0.6,4.1,3.9,141.8,7.2,60.6,1.3,1.8,0.4,4.7,2.8,1.5,2,2.2,3,2.6,9.2,5,9.9,4.3,1,4.6,0.6,4.1,1.9,4.4,4.3,4,4,1.5,0.4,2,0.9,3.5,1.7,4.9,3.2
20034,Cá kho,Vietnamese Cuisine,520.1,11,43.8,46.5,4.9,32.3,7.7,95.7,2.5,2,81.7,190.1,43.4,0.1,0.7,4.8,2.8,193.2,86.5,62.4,2.5,2.2,0.5,3.2,1.1,3.1,3.2,0.8,0.3,3.9,4.6,0.7,10,0.3,3.5,4.9,1.2,0.7,0.6,1.5,0.5,3.5,0.3,2.6,5,4.1,3.1,1.5,3.1,2.6,2.1
20035,Cà tím xào thịt băm,Vietnamese Cuisine,208.8,44.9,25.2,13.8,3.7,23.6,8.3,369.5,3.8,0.1,213.9,245.9,19.4,1.3,3.8,0.7,2.7,43,2.4,48.2,4.9,4,4.8,2.4,0.6,2.7,2.3,4.2,0.5,2.4,1.6,3.3,7.4,2.4,1.9,2,2.3,3.9,4.5,4.8,3.9,1.6,3.4,2.2,1.3,4.2,0.2,4.5,2.3,3.2,3.3
20036,Canh bí đỏ thịt băm,Vietnamese Cuisine,552.8,33.6,32.6,8,5.2,11.8,7.4,261,3.4,0.2,51.6,361,45.3,0.4,0.1,4.8,3.7,70.6,59.3,69.9,3.9,3.3,0.9,0.9,0.5,3.3,3.8,1.3,0.1,0.4,9.7,3,7.7,3.1,1.9,1,0.6,3.1,3.9,3.2,2.7,0.2,4.8,4,1.5,4.9,3,2.9,3.7,4.1,3.3
20037,Canh chua,Vietnamese Cuisine,207.6,20.2,46.8,15.1,3.8,24.4,4.4,310.3,4.7,1.2,69.5,106.8,444.6,3.2,1.4,4.1,4.3,169.3,183.8,50.4,3.8,2.3,4.2,3.6,3.9,3.3,0.9,2.7,4.9,4.7,0.5,1.7,1.4,3.6,4.1,1.1,2.5,4.2,3.7,2.7,3,2.6,1.5,2.8,3.4,4.4,3.2,3.8,0.8,2.3,0.1
20038,Canh cua rau mồng tơi mướp,Vietnamese Cuisine,261,37.7,49.6,9.5,4.1,41,2.1,282,3.7,3.1,102.1,184.1,394.1,2.8,0,3.8,0.2,149.2,40.5,191.6,1.8,1.6,0.8,1.5,4.4,5,1.8,2.2,3.6,4.4,6,4,4.2,3.5,0,3.1,1.8,4,0.5,3,2.4,3.2,0.3,2.9,2.8,2.8,3,3.4,4,1.4,4.1
20039,Canh khổ qua nhồi thịt,Vietnamese Cuisine,374.2,8.5,7.6,20,7.9,36.8,7.9,263.5,2.2,0.8,170.8,222.7,53.4,1.1,3,3.7,5,186.6,128.5,84.2,3.2,3.9,0.6,2.1,4.2,1.9,2.9,2.9,0.9,1.8,3.4,0.4,0.3,4.2,1.4,2.6,1.5,4.7,1.3,2.2,4.4,4.2,0.9,4,2.3,2.4,0.7,0.4,3.6,2.5,2.2
20040,Canh khoai mỡ thịt băm,Vietnamese Cuisine,478.3,39.4,12.2,32.5,1.4,38.8,6.6,478.7,0.4,0.3,148.3,138.2,131,4.5,1.3,1.4,3.8,90,155.3,13.1,2.4,0.2,0.3,4.5,0.7,2.7,2.1,1.7,4.5,0.1,6.7,9.6,5.6,4.7,0.3,2.1,1.3,3.7,4.9,1.3,3.3,1,2.8,2.3,4.9,3,1.8,0.6,0.8,1.1,1.3
20041,Canh rau ngót thịt băm,Vietnamese Cuisine,532.8,30.3,28.6,10.2,8.6,37.5,0.8,356.8,2.7,0.4,234.6,247.5,91.2,4.7,4.2,3.4,2.3,82.4,130.2,109.1,0.3,2.6,4,2.3,0.3,3.9,1,1.3,0.8,1.7,7.6,5.2,2.1,4.4,4.4,4.4,1.2,2.3,4.9,3.9,0.2,0.3,2.3,4.6,2.7,2.5,0.5,3.3,4.1,1.9,3.9
20042,Chả giò,Vietnamese Cuisine,584,14.2,28.6,17.9,8,31,6.4,401,2,4.6,271.2,87.4,351,4,1.6,4.3,4.5,55.4,196.7,28.1,1,0.9,4.5,3.3,0.8,2.2,3.1,0.4,4.4,4,5.1,9.7,4.2,4.9,3.3,3.2,0.8,4.4,2.1,0.8,0.1,2.8,2.6,3.6,4.4,0.4,3.7,1,4.3,4.1,2.7
20043,Chả lá lốt,Vietnamese Cuisine,469.6,19.2,26.2,42,4.6,21.1,5,415.8,1.7,0.9,358.9,414.7,59.3,1.2,0.7,1.8,2.3,149.8,130.2,124.2,1.8,4.2,2.4,4.9,3.2,0.6,3.4,1.6,3.4,0.4,1.8,8.6,2.4,4.2,1.4,3.2,3.5,2.6,1.5,1.1,0.2,1.5,3.3,4.7,4.4,3.8,3.9,3.3,1.3,4.5,3.4
20044,Chân gà xả tắc,Vietnamese Cuisine,402.2,10,25.1,25.7,8.7,29.6,3.9,488.6,0.6,2.1,30.6,372.6,459.9,1.4,4.3,1.5,4.6,150.8,161,3.6,4.8,3.6,1.5,4.2,1.4,4.4,0.6,3.5,2.7,0.5,2.5,0.2,4.7,1.5,3,1.5,1.5,3.7,0.2,4.5,4.3,3.3,3,4.5,0.9,0.4,1.2,4,0.2,2.9,5
20045,Cháo lòng,Vietnamese Cuisine,535.1,28.5,7.9,42.4,6,10.2,1,455.7,3.4,4.2,440.7,290.2,263.6,2.2,1.6,2.2,3.9,120.4,178.5,88.7,3,3.2,3,3.5,1.2,2.6,0.5,1.9,2.4,3.3,9.5,6,7.5,2.5,3.2,0.4,1.3,1.8,2.4,0.2,0.7,1.4,4.9,1.7,2.4,1,3.1,1.4,1,2.6,0
20046,Chè ba màu,Vietnamese Cuisine,153.4,14.9,6.6,9.9,3.4,41.1,5.8,261.2,1.5,4.7,204.5,52.7,312.4,0.6,1.7,2.5,4.4,98.7,140.4,198.6,0.7,1.4,2,2.1,2.1,4.5,3.6,3,1.6,4.1,9.6,8.2,0.1,3.2,0.3,1.3,0.3,3,3.4,0.6,1.9,2.3,1.8,0.6,2.1,3.8,0.4,0.4,1.8,4.7,3.4
20047,Chè bưởi,Vietnamese Cuisine,455.4,21.3,31.7,5.5,6.4,46.1,6.2,438.1,3.6,0.6,452.2,42.6,271.6,0.7,0.1,2.1,1.5,97.2,115.4,8.8,0.6,2.8,1.7,3.6,3.3,4.2,3.5,2.2,3.4,1.4,3.1,7.9,4.5,4,4.1,4.3,4.6,2.2,1.6,2.9,1.9,3,3.5,3.4,1.9,0.8,2.2,0.7,4.4,1.7,0.8
20048,Chè chuối,Vietnamese Cuisine,161.4,34.1,33.7,20.3,0.8,23.4,3.2,341.8,3,1.8,116.8,494.1,232.5,3.4,0.7,2.4,0.2,101.1,192.8,76.8,0.2,0.2,2,0.8,0.1,3.8,2.3,1.4,4.5,0.6,9.6,3.2,8.9,3,4.1,4.9,1.4,4.8,2,1.9,1.7,2.7,0.8,2.8,2.7,3.8,4.2,2.2,1.5,1.3,1
20049,Chè đậu đen,Vietnamese Cuisine,175.9,20.4,17.2,48.5,5.6,20.6,5.8,78.2,2.2,3.1,249.6,206.9,497,4.4,3.1,2.8,3.1,40.3,79,7.9,2.4,2.7,1.2,4.8,4.6,3.6,2.7,4.4,0.7,4,1.3,8,2.8,4.4,4.7,0.8,2.3,4.9,2.4,4.3,3,1.9,1.4,1,3.8,1.9,2.6,2.5,2.9,4.3,4.9
20050,Chè trôi nước,Vietnamese Cuisine,333.4,42.2,39.4,30.8,9.6,14,1.2,428.4,2.2,4.2,447.6,40.6,442.9,2.2,2.6,3.1,4.6,3.8,95.4,137.5,3.6,3.5,0.7,1.5,1.8,4,1.4,1.1,4.8,0,10,6.8,8.3,1.5,0.1,3.7,4.2,3.7,0.7,3.8,3.8,3.3,3.8,4.2,3.1,0.4,2.4,0.4,2,2,0.3
20051,Cơm cháy kho quẹt,Vietnamese Cuisine,307,10,41.4,47.6,0.8,48,5.3,156.8,0.4,2.5,399.3,356.5,34.6,0.4,2,1.5,1.2,56.2,160.7,185.8,2,4.5,1.6,2.4,1.1,3.2,4.9,3,1.8,3.2,1.3,8.9,5.1,2.2,2.9,3.1,0.4,3.4,1.2,3.6,4.1,4,2.8,2.6,0.7,3.9,1.4,2.5,1.4,0.7,3.2
20052,Cơm chiên trứng,Vietnamese Cuisine,174.4,38.7,19.3,5,5.2,7.1,2.8,356.4,0.3,4.2,11.9,130.9,373,1.6,0.5,1.8,1.4,168.5,62.7,157.8,4.5,2.2,4.6,1.9,4.8,0.5,3.4,2.5,1.9,3.2,7.1,0.1,1.8,3.6,3.3,4.8,3.8,4.8,3.5,1.5,0.5,3.9,3.2,0.2,1.8,4.8,2.5,2.2,2.3,1,1.8
20053,Cơm gà xối mỡ,Vietnamese Cuisine,316.4,7.4,39.5,23.7,8.2,43.3,2.2,332.1,2.4,4.4,115.7,342.1,307.8,1.5,0.7,3.3,3.7,63.1,129,79,3.6,1,4.4,1.4,1.8,0.3,0.6,2.6,1.4,4.2,0.2,3.8,3.4,0.1,0.6,2.1,2.5,2,2.7,3,0.1,2.3,4.8,2.6,3.4,1.6,3.9,3.9,2.6,4.9,0.6
20054,Cơm hến Huế,Vietnamese Cuisine,157.6,39.7,41.3,10.4,2.7,5.8,3,388.8,2.6,1.8,192.2,10.7,156.9,3.2,4.9,4.2,0.1,179.7,156.6,156.1,2.3,2,1.5,0.3,1.2,1.2,2.4,3.7,2.4,0.3,9.6,9.4,7.9,5,2.7,4.8,0.4,1.8,1.1,1,0.7,3.1,3.9,2.9,0.7,4.1,3.2,2,3.4,1.3,1.7
20055,Cơm tấm,Vietnamese Cuisine,562.9,18.1,26.2,45.1,7.1,7.8,1.6,13.8,3.2,2.2,75.8,479.4,269.5,1.2,2.5,3.4,0.4,54.9,161.4,91.9,2.7,2.2,0.2,0.8,2.2,1,0.3,4.2,4.9,4,8.6,2.5,9.6,1,4.8,5,3.6,4.9,2.8,1.3,2.2,3,0.4,3.1,4.9,1,4,4.5,4.7,4.8,2.6
20056,Cua rang me,Vietnamese Cuisine,589.8,39.1,12.3,26.5,7.2,16.1,6.4,336.6,0.8,2.8,388.1,254.5,15.9,0.1,1.8,4.6,1.2,126.9,44.4,64.3,4.2,3.6,0.5,2.2,0.2,2.4,3.3,0.6,1.4,2,9.2,9.9,0.5,3.8,1.9,2,3.8,4.6,4.8,2.9,1.8,3.9,1.3,2.8,1.8,3.3,1.2,1,4.6,0.5,2.5
20057,Đậu hũ nhồi thịt,Vietnamese Cuisine,249.4,6.8,6.6,12.9,8.7,17.7,9.5,295,2.2,2.9,263.2,381.8,148.4,1.8,4.5,4.7,4.5,83.9,156.1,95.3,2.5,1,3,0.9,1.7,4.3,1,0.4,0.4,4.7,5.1,4.2,8.1,4.2,1.7,3.5,3.9,3.3,0.8,4.4,2.7,1.4,2.1,0.2,0.6,3.8,0,2.1,2.6,0.3,4.9
20058,Ếch xào sả ớt,Vietnamese Cuisine,251.8,18.7,18.7,15.4,0.1,37.8,9.7,119.9,3.3,3.7,425.7,217.1,158.4,1.6,3.6,4.1,0.9,74.2,180.4,161.3,4.9,3.8,2,3,3.3,0.4,2.7,3.6,0.8,3.9,5.9,9.5,0.5,1.3,3,1.5,3.6,3.8,0.5,2.6,2.6,1.8,4.7,4.1,3.5,3.6,2.3,4.6,3.5,3.6,4.3
20059,Gà kho gừng,Vietnamese Cuisine,273.3,41.3,13.8,20.5,3.4,49,8.6,353.6,3.6,2.8,474.1,253.2,196.4,0.8,3.9,3.7,1.9,5,167.8,2.3,3.5,4.8,2.2,1.2,3.5,4.1,2.7,4.8,0.3,2.5,7.2,8.6,1.9,4,2.8,2,0.7,4.3,0.8,1.6,1.5,4.4,3.4,4,1.3,3.1,2.9,4.2,4.5,0.1,3.4
20060,Gà rán,Vietnamese Cuisine,173.3,29.7,17.9,18.8,3.6,33,3.4,369,2,0.4,394,150,222.1,3.4,1.7,0.3,1.9,188.9,128.4,134.3,3.2,1,2.1,3.8,0.5,1.4,1.4,2.2,4.9,0.4,5.2,1.9,9.7,0.6,2,3.7,3.5,2.1,1.7,2,1.3,1,2.4,1.4,1.4,3.3,4.8,3,0.4,0.4,4.8
20061,Gỏi cá mai,Vietnamese Cuisine,283.8,9.1,32,33.1,6.5,17,0.2,482.9,1.3,3.4,356.2,308.9,163.3,1.4,3,4.3,4.7,21.2,31,189,3.7,4.4,1,2.9,3.5,3.4,2,0.1,2.9,1.3,4.6,9.6,4,4.2,1,3.4,4.9,0.5,0,2.2,0.5,3.7,4.6,2.2,1.3,2.2,3.6,0.1,3,3.1,3.2
20062,Gỏi cuốn,Vietnamese Cuisine,258.9,37.1,9.1,14,8.8,38.2,0.2,131.7,1.1,1.4,131.3,40.6,234.9,3.7,3,3.4,0.4,190.3,167.7,161,4.1,4.7,2.7,1,3.1,3.7,3.7,2.6,0.4,1.9,9.2,5.9,5.4,1.4,1.8,4.5,3.3,3.9,2.3,3.2,1.2,3.5,2.1,2.2,3.2,4.7,0.3,4.1,1.5,2.2,0.1
20063,Gỏi đu đủ khô bò,Vietnamese Cuisine,285.5,27.6,7.5,27.1,9.3,9.7,7.7,210.7,3.3,1.3,88.2,88.6,44.5,0.9,3.3,4.4,4.1,137,22.1,57.8,1.6,1.3,2.6,2.7,1.8,1.8,4.1,4,1.6,4.6,9.5,3.3,3.6,2.5,4.7,4.4,0.5,2,2.8,2.5,1,4.3,3.4,4.2,4.3,3.7,2.2,3.1,0.8,3.4,0.9
20064,Gỏi gà,Vietnamese Cuisine,462.3,15.3,10.3,12.4,0.1,37.3,7.4,262.3,0.8,0.4,19.4,91.2,446.5,1.2,1.8,0.5,1.1,103.8,121.6,49.1,0.3,2,1.2,1.1,4.8,3.1,2.8,2.1,2.2,2.7,7,7,1.8,2.5,2.1,4.4,3.2,2.7,0.6,3,0.6,1.7,0.7,3.5,1,2,4.5,1,2.5,2.1,0.1
20065,Gỏi ngó sen tôm thịt,Vietnamese Cuisine,506.7,8.1,26.3,30.2,6.3,36,2.6,14.9,3.6,2.7,419.7,412.5,423.2,2.4,1.7,4,2.3,36.7,171,176.5,2.3,0.4,2,4,4.5,1,0.3,4.4,2,2.7,9.7,0.8,6.5,0.4,1.9,4,2.2,5,2.8,1.6,1.1,1.8,1.9,0.4,1.8,2.3,3.6,3.3,3.6,0,1.1
20066,Gỏi sứa,Vietnamese Cuisine,447.8,26.8,5.2,41.2,7.8,29.7,0.8,385.6,2.9,3.9,378.4,403.5,263.8,0.7,3.4,3.1,3.7,34,39,178.1,3.8,4.5,3.8,3,3.3,4.4,2.9,3.2,0.8,2.4,7.2,2.8,2.1,1.6,1.2,1.1,2.1,4.5,2.5,1,0.4,3.5,1.9,4.1,3.3,4,1.4,3.5,1.3,4.7,3.2
20067,Gỏi tai heo,Vietnamese Cuisine,296,17.1,13.6,36.3,2.3,31.8,2.7,334.4,4.1,3.9,382.8,102,53.3,3.5,1.8,2.2,0.2,51.9,6.7,175.8,1.2,2.8,0.2,3.3,1.6,4.5,4.4,1.6,4.5,5,8.3,8.5,2.6,2.9,0.4,0.5,5,1.6,3.7,4,4.3,5,1.2,0.2,2.1,0.7,0.1,1.8,3.9,2.8,1.6
20068,Hàu nướng phô mai,Vietnamese Cuisine,444.4,15.4,5.6,39.4,6.3,39.3,0.5,420.2,3.1,2.8,316.1,433.6,297.6,2.9,5,3.8,2.2,141.5,77.8,45.8,3,4.6,4.6,1.7,2.6,1.1,5,4.9,3.2,4,7.2,6,0.6,2.3,3.4,3.4,1.9,4.7,0.8,2.5,3.5,3.5,3.2,1.4,0.8,3.2,3,0.9,3.5,2.3,3.3
20069,Hột vịt lộn xào me,Vietnamese Cuisine,526.8,12.6,5.9,40.1,6.1,36.5,8.4,403.4,4.8,2.7,249.4,206.9,85.3,2.9,1.4,4.6,2.9,118.6,71,10.4,0.2,2.1,0.4,3,4.4,4.4,3.3,1.1,4.3,4.4,2,7.4,2.9,4,5,0.2,4.5,3.1,4.9,2.3,4.2,0.3,1.7,0.3,4.9,4.1,4.3,4.7,0.4,1.9,0.4
20070,Hủ tiếu,Vietnamese Cuisine,244.9,15.3,26.1,17.1,1.1,12.5,1.6,486.8,3.8,4.8,225.5,146.4,401.2,1.6,1.5,1.2,0.7,51.3,71.1,134.8,0.3,1.1,4,0.7,1.7,4.3,0.8,0.4,2.4,1.5,5.7,8.1,1.5,2.9,2.5,0.7,3.1,1.4,2.4,0.4,2.3,1.5,4.1,0.3,2.1,2.3,3.6,2.9,3.3,3.9,4.3
20071,Khổ qua xào trứng,Vietnamese Cuisine,291.2,29.2,42.8,49.5,8.9,21.7,2,249.8,3.7,2.5,246.8,420.7,187.1,4.3,2,1.6,2.3,152.5,25.2,39.3,4.8,0.9,2.8,2.9,2.4,3.2,1.2,2.8,1.9,3.3,1.5,5.8,1.9,1.4,1.1,0.9,4.1,1.4,4.6,4.8,2.9,0.7,1.9,4,1.8,0.4,2.8,4.2,4,0.9,3.4
20072,Lagu gà,Vietnamese Cuisine,249.2,14.8,44.3,16.2,2.7,5,8.7,398.4,3.1,3.8,84.5,234.6,182.1,0.5,2.4,4.6,0.2,58.3,41.5,47.6,4.5,2.4,2.3,3.8,0.8,2.4,2.2,3,5,3.8,4,8.3,1.8,0.2,1,1.7,2.6,3.1,4.6,2.6,2.5,0.3,0.2,2.8,2.2,4.2,0.8,0.1,2.2,1.2,0.3
20073,Lẩu bò nhúng giấm,Vietnamese Cuisine,476.1,10,32.4,17.6,1.8,22.1,8,202.1,3.8,0.6,388.7,126.1,341.9,2.8,4.6,1.9,0.3,3.8,165.4,105,3.9,1.2,1.7,0.2,4.8,3.3,4.7,1.3,3.1,3.4,3.2,8.5,9.5,4.4,3.7,1.4,1.4,4.8,0.1,3.6,3.5,3.1,5,1.6,1.7,0.4,2.2,1.3,1.7,4.2,4.7
20074,Lẩu cá kèo lá giang,Vietnamese Cuisine,233.6,21.8,46.8,7.8,1,12.3,6,83.7,4.8,2.2,255.7,130.9,240.8,3.3,3.8,3.8,2.9,180.9,163.5,151.4,0.3,0,1.1,3.3,2.1,2,4.4,4.5,4.6,1.6,6.9,2.8,2,0.9,1.7,2.2,4.2,0.6,3.7,2.7,1.4,2.5,1.5,3,2.2,0.8,0.6,2.7,4.5,1.7,3.7
20075,Lẩu đuôi bò,Vietnamese Cuisine,446.4,46.9,41.9,30.5,6.6,45.4,4.1,170.1,0.1,4.1,402.5,61.2,292.7,2.3,0.6,4.9,1.1,13.4,119,147.8,0.2,3.3,2.7,0.5,0.9,2.8,1.5,4.7,4.1,4.9,2.7,9.7,4.4,1.7,0.3,0.3,3.5,2.3,1.1,3.1,1.3,2.9,1.8,4.1,4.1,2.4,1.8,1.8,4,1.6,1
20076,Lẩu gà lá é,Vietnamese Cuisine,188.1,26,26.7,42.8,2.3,22.1,8.1,413.6,1.9,2.3,158.6,467,68.1,4.7,3.4,2.7,0.2,95.1,81.6,32.2,3.3,4.9,2.8,3.6,0.4,2.1,0.6,3.1,4.7,3.3,0.9,3.6,5.6,2,4.2,4.1,3.1,1.9,1.3,0.5,1.8,2.1,3.4,3.3,0.4,2,0.9,0.8,4.1,0.2,2.1
20077,Lòng non xào cải chua,Vietnamese Cuisine,225.7,44.6,30.1,15.4,5.1,37.9,9.6,118,4.4,4.7,459,321.4,318.6,2,3.8,2.7,3.4,85.7,146.3,164.9,0.7,4.2,2.7,4.2,2.2,1.9,4.6,1.3,4.2,2.4,5.2,3.2,5.8,1.6,0.2,1.4,0,4.9,4.8,2,3.6,1.7,3.4,4,4.7,2,3.9,1.3,5,0.1,3
20078,Măng xào thịt bò,Vietnamese Cuisine,446.8,36,10.4,47.2,1.9,33,2.3,160.5,2.7,2.1,88.5,93.8,214.9,3.8,4.5,0.4,2,20,3.3,132.3,3,0.8,1.2,0.1,4.2,4.9,0.7,1.2,4.3,4.6,4.2,0.6,0.5,2.9,2,0.2,2.9,0.1,3.9,1.5,0.2,3,2,4.9,2.7,1.4,3.6,1.4,4.5,1.9,2.8
20079,Mì Quảng,Vietnamese Cuisine,172.8,24.2,42.5,41.2,2.3,15.2,8.2,465.9,0.5,2.3,175.4,436.6,50.9,1.1,3.8,0.3,2.5,88.4,66.9,78.9,2.6,0.8,2.9,4,3.8,0.8,0.8,1.4,1.8,2,6.8,0.7,0.4,2,3.5,1,3.2,1.3,4.4,4.5,1.5,1.2,2.1,1.2,3.4,4.1,3.4,4.1,2,0.8,3.7
20080,Miến lươn,Vietnamese Cuisine,312.2,35.2,17.2,8.7,9.9,12,9.9,488.9,4,3.3,293.1,434.4,151.8,2.3,3.1,2.1,2.1,66.1,112.8,170.1,1,4.7,3.4,4.1,2.8,3.9,0.1,4.1,0.2,4.4,9.9,3,2.2,3.8,1.3,4.3,0.5,0.6,4.9,3.4,4.2,1.6,3.4,3,3,3.4,2.9,2.2,1.4,3.8,1.1
20081,Miến gà,Vietnamese Cuisine,461.6,15.5,33.1,38.6,2.3,7.7,1.4,306.9,4.2,0.2,369.7,177.2,244.5,4.6,1.7,2.3,0.1,16.3,51.7,5.6,3.2,2.1,2.8,0.9,1.5,3.3,4.8,0.3,4.4,2.9,5.7,5,0.8,0.5,3,1.7,4.6,2,0.7,3.6,1.5,2.6,3.5,4.5,4,3.4,3.4,4.7,1.5,0,1.4
20082,Miến măng vịt,Vietnamese Cuisine,248,34.8,33.5,31.7,0.3,37.8,3.3,335.9,2.8,1.7,75.9,56.3,417.4,4.6,3.2,0.5,2,145.8,156,23.6,0,3.6,1.8,1.3,0.1,2.7,4.3,4.8,2.8,2.6,0.9,5.5,3.9,3,2,1.2,0.5,1.6,0.5,0.9,4.9,2.2,2.7,4.4,5,2.9,4.1,1.6,1.5,2,3.4
20083,Mực nhồi thịt chiên nước mắm,Vietnamese Cuisine,457,19.2,11,33.5,1.4,31,7,353.3,3.8,4.4,255,367.8,313.4,0.9,0.1,1.4,2.2,123.4,170,39.2,0.6,4.8,0.6,2.4,2.9,2.7,0.4,0.3,0.5,2.9,5.5,2.4,6.4,4.1,0.2,2.5,3.4,1.3,1.6,3.1,4.5,4,2.9,3.6,1.8,3.2,2.3,1,3.5,2.8,1.8
20084,Nem chua,Vietnamese Cuisine,560.1,5.9,19.2,7.6,7.7,36.6,3.4,341.1,2,3.8,232.6,212,468,1.3,0.6,2.9,4.8,75.6,12.4,67.9,2.5,0.8,3.3,5,2.3,1.8,2,0.6,4.4,2.1,3.9,6.6,4.5,3.2,0.3,4.1,4.7,3.2,4.8,0.8,2.4,3,2.9,2,1.7,0.6,2,0.8,3.7,1,0.3
20085,Nem lụi Huế,Vietnamese Cuisine,398.6,31.8,44.2,31,3.5,41.1,5.4,48.8,2.8,4.5,204.2,155.2,80.3,0.8,2.2,3,0.4,187.9,151,117.3,4.1,0.4,2.4,3.2,4.1,3.9,1.4,4.7,0.6,4.4,9.7,1.8,7.2,0.2,2,2.6,2.9,4.7,3.4,2.4,4,4.8,0.1,4.9,0.4,4.1,1.4,0.7,2.2,3.2,1.9
20086,Nem rán Hà Nội,Vietnamese Cuisine,174.6,32,45.6,22.2,2.2,24.9,0.6,412,4.1,2.9,183,401.9,281.8,4.1,3.2,3.9,3,82.8,191.6,108.2,3,1.1,3.1,2.9,0.9,0.3,3,3.8,2.6,1.1,6.7,0.9,4.5,0.8,0.9,1,1.9,0.3,2,2.6,2.4,1.9,4.2,0.7,2.5,0.3,0.4,2.9,2.8,4.4,2.8
20087,Nghêu hấp,Vietnamese Cuisine,581.9,7.2,9.4,7,1.9,29.4,6.5,32.3,4.7,4.2,155.3,47.8,93.2,0.6,0.6,2.6,1.2,71.6,197.9,136.9,4.8,0.7,1.9,2.8,0.4,0,3.4,3.2,2.1,2.4,4.2,0.3,3.4,0.9,0.5,4.8,3,3.6,1.6,2,1.2,0.5,0.9,4,3.4,2.7,2.4,4.6,0.4,1.4,1.8
20088,Nui xào bò,Vietnamese Cuisine,502.1,49.7,15.8,44.3,8.3,15.1,4,210.7,4.9,0.9,401.6,173.8,368.1,2.1,2.9,4.2,4,173.3,11.9,138.4,0.7,2.1,2.8,2,2.6,5,0.7,3.4,2,0.7,1.7,9.5,8.8,4.5,5,1,1.8,3.4,2.4,2.1,1.8,3,2.9,0.8,2.4,2.8,2.9,1.1,3.7,0.1,1.8
20089,Ốc hương xốt trứng muối,Vietnamese Cuisine,501.1,30.4,16.8,36.3,5.7,40.8,7.4,309,2.4,0.7,138,215.4,303.7,2.6,1.4,0,2.5,57.1,146.9,4.8,2.9,4.7,0.9,2.4,0.5,3.1,2.8,2,2.6,4.5,2,0.3,8.6,2.9,4.4,3,4,2.2,3.8,4.6,2.9,0.9,1.4,1,1.2,1.5,2.8,2.9,2.1,3.1,0.4
20090,Ốc len xào dừa,Vietnamese Cuisine,189.5,12.7,28.3,14.6,2.9,23,8.1,16.8,3.2,3.4,401.3,467,19.9,0.8,4.4,2.3,2.8,132.6,135.8,186.4,5,3.6,1.4,4.4,0.3,1.2,4.5,1.3,1.1,0.7,8.6,5,6.8,1.2,3.8,3.8,1.6,2.1,1.1,4.9,3.2,4.7,1.5,3.9,3.8,3.5,4.8,2,0.7,3.4,3.6
20091,Ốc móng tay xào rau muống,Vietnamese Cuisine,408.8,14.3,27.7,19,4.3,34,7.5,123.8,2,1.4,107.3,393.9,455.5,1.9,3.8,4.5,4.2,36.6,191.3,75.3,1.7,0.3,2.4,0.6,1.2,1.6,4,4.4,1.5,4.3,8.6,7.7,1.6,3.4,4.7,3.4,1.7,2.5,3.2,2.6,0.6,1.6,4,4.3,0.7,4.8,1.6,3.3,3.8,4.1,4.7
20092,Phở,Vietnamese Cuisine,290.8,43.6,10.9,36.7,7.4,35.5,2.6,437.8,0.8,0.3,361.6,243,426.1,1.9,0.8,4.2,2.8,37.8,144.1,102.2,3,2.3,4.2,4.2,3.6,0.5,4.2,3.4,3.5,1.8,8.8,7.3,1.2,2,4.4,0.2,4.8,3.4,3.2,1.4,1.2,4.7,1.5,3.9,2,0.7,0.1,2.7,4.9,1.8,1.8
20093,Phở cuốn Hà Nội,Vietnamese Cuisine,304.8,28.4,24.8,44.6,5.1,27.8,1.5,491.5,1.3,0.4,334.9,301.7,213.4,2.1,3.9,1,4.1,129.8,83.8,91.6,1.3,3.8,2.6,1.6,3,5,2.2,4.6,1.7,0.3,2.1,4.2,2.3,0,4.6,4.2,3.7,0.8,0.6,0.4,3.6,4.6,2.2,0.6,2.6,1.8,1.9,3.1,3.6,0.6,0.2
20094,Rau muống xào tỏi,Vietnamese Cuisine,597.4,15.5,7.4,13.5,0.5,22.6,8,177.2,2.2,3.4,259.4,432.1,434.4,0.1,3.9,2.3,4.9,96.6,197.4,150.9,1.2,2.7,5,4.3,0.5,3.5,1.7,0,2,1.2,8.2,3.4,8.3,0,1.6,1.2,1.2,0.4,0.9,2.8,1.5,2.1,1.9,4.4,4.5,2.5,1.7,0.5,4.8,0.3,1.5
20095,Sò điệp nướng mỡ hành,Vietnamese Cuisine,284.1,19.4,12.4,40.2,1.3,33.6,1.3,44.6,4.6,1,412.4,276.9,48.2,4.8,1.2,4.3,0.8,170.8,2.6,102.4,3.8,4.7,4.6,4.1,4.4,1,1.4,1.4,1.9,2,5.5,1.7,6.9,0.8,1.6,2.5,4,3.7,3.2,0.8,2.7,0.4,1.9,2.1,0.2,1.4,4.8,4.8,1.8,0.2,0.9
20096,Súp cua,Vietnamese Cuisine,326.5,47.6,11.4,39.4,1.2,49.2,3.9,389.9,1.7,3.1,104.1,81.6,469.6,4.6,4.4,3.1,4,13.8,67,62.7,3.2,1.8,0.8,3,4.1,1.9,0.7,1,1.2,1.5,6.5,6,7,1.8,4.1,1,2.4,4,0.9,0.6,4.4,1.7,3.4,0.1,3.4,1.6,0.3,3,1.2,1.9,0.4
20097,Sườn xào chua ngọt,Vietnamese Cuisine,216.2,18.4,9,46,0.2,26.8,1.3,160.8,4.6,0.8,483.3,110.8,373.4,2.7,4.4,2.8,2.7,39.1,33.2,183.3,1.6,1.9,3.8,1.7,4.8,3.7,3,4.4,0.3,1.3,4.7,2.4,7.5,4.6,2.1,1.7,4.8,2.2,2.4,1.8,4.6,2.8,3.8,4.1,1.7,2.2,4.2,1.8,4,4.7,3.1
20098,Tào phớ,Vietnamese Cuisine,483.7,41.2,43,22.8,0.6,23.1,6.8,230.7,3.8,1.8,321,101.4,377.2,2.7,1,1.5,3.8,96.5,43.2,193.4,3.6,4.8,2.1,2.4,4.5,2.6,3.5,1.3,2.2,0.6,2.1,0.1,0.5,4.9,1.2,3.3,4.2,2.8,0.8,3.6,3,3.7,3.8,4.9,2.9,1.7,3.2,0.4,4.5,0.6,1.6
20099,Thịt bò xào thiên lý,Vietnamese Cuisine,517.1,31.9,22.7,26.3,8.6,20.3,8.7,53.2,3.9,4.2,99.1,220.9,91.1,3.5,2.7,3.2,1,42.4,8.3,64.4,2.8,4.3,3.3,2.2,4.8,3.6,4.6,2.6,1.3,0.3,7.3,1.3,3.1,2.7,2.8,3,0.8,1.9,3.1,4.8,3.6,4.6,3.8,3,1,3.3,3.1,3,2.4,2.6,1.7
20100,Thịt kho tàu,Vietnamese Cuisine,383.7,13.9,41.2,13.4,0.9,24.6,6.6,224.5,1.4,2.8,180,467.1,462.1,2.5,1.6,3.7,0.2,95,67.3,184.1,0.1,2.8,3.7,2.4,0.4,4.9,2.6,3.1,1.2,2.4,4.4,0.8,1.2,4.2,1.2,1,2.5,3.8,0.3,2.9,0.6,0.2,0.3,4.2,0.6,0.2,2.2,4.2,1.3,2.1,0.2
20101,Tôm rim mặn ngọt,Vietnamese Cuisine,352.1,31,30.7,20,3.2,9.8,3.7,58.8,3.8,4.8,485.3,433.9,304.4,3.5,1.4,3.2,2.3,96.4,151.6,56.4,1.6,4.6,0.3,2.4,4.6,3.1,2.7,1.3,1.7,4.3,5.6,5.2,1.1,0.1,4.8,1.9,3,0.4,3.4,4.7,2.9,0.6,2.9,3.8,2,4.4,3.2,4.5,3.1,0.7,1.6
20102,Tré trộn,Vietnamese Cuisine,240.8,45.9,39.2,35.4,3.1,13.3,7.6,242.3,1.1,3.1,29.8,169.8,239.6,0.8,4.9,1,0.7,40.7,153.8,85.1,2.8,0.1,0.2,2.2,4.1,4.4,0.4,2.7,4.6,2,8.3,1.4,9.4,3.8,4.7,3.4,1.8,4.7,1.4,1.7,3.5,3.8,4.6,1,4,3.7,0.3,1.9,1.4,1.5,4.9
20103,Xôi gà xé,Vietnamese Cuisine,439.2,37.3,49,22,8,24.6,8.7,98.5,4.7,1.1,169.8,380.5,202.9,3,2.2,3.7,1.2,11.7,60,94.9,0.8,1.8,2,0.3,2.9,4.4,0.8,3,3.3,2.1,7,4.2,5.1,0,3.5,3.3,0.2,1.8,4.9,2.1,2.5,4.6,3.6,2.9,4,4.3,2.3,2.4,1.9,4.8,3.5
20104,Xôi mặn,Vietnamese Cuisine,187.4,43.8,26.6,8.1,5.5,23.8,8.8,110,4.1,2.8,36.8,486.2,261.2,1.5,2.4,4.3,1.5,38.5,25.8,59.6,3.9,2.4,1.2,0.8,1.7,4.7,1.7,4.9,2.4,0.9,8.9,4.7,7.1,4.9,0.3,0.5,3.6,1.4,0.9,0.2,0.1,3.9,0.7,2.3,3,2.2,0.2,3.9,0.1,3.8,4.5
20105,Xôi nếp nương,Vietnamese Cuisine,344.8,29.1,26.5,22.5,8.9,45.2,3.4,311.4,4.6,4.8,259.4,231.9,146.6,4.8,0.7,2.9,1.4,55.8,81,199.8,0.3,2.9,0.4,0.8,2.2,2.6,1.3,1.6,0.4,1.5,9.7,9.4,3.4,2.9,4.6,0,4.1,4.7,0.5,0.8,4.8,2.7,0.1,1.3,2.3,3.5,3.7,5,1.4,2.7,2.7
20106,Xôi xéo Hà Nội,Vietnamese Cuisine,332.5,12.6,49,43.4,5,32.2,2.4,276.5,3.5,2.6,495.2,309.6,191.8,3.9,0.9,1.9,1.7,86.4,156.4,96.8,4,2.9,1.7,4,1.2,1.1,2.5,1.3,0.1,3.2,5.2,4.5,9.7,2.9,4.3,0.7,2.8,4.3,2.9,3.6,1.9,0.5,2.3,2,4.3,1.2,4.8,4.8,1.2,1.8,4.5
20107,Canh chua nấu sấu,Vietnamese Cuisine,293.8,9.3,7.6,17,3.6,13.3,4.9,208.6,1,0.8,109.5,221.4,137.2,0.1,0.8,1.5,0.4,17.5,53.2,53.2,1.3,1.7,1.5,1.2,1.4,0.7,0.7,0.5,0.6,1.3,0.6,2.2,2.2,1,0.9,0.6,0.9,1.8,1.9,1,1.3,0.2,0.6,0.8,1.7,0.5,1,2,1,1.2,0.3
20108,Canh đu đủ nấu sườn,Vietnamese Cuisine,339.2,18.5,16.8,10.9,1.6,13.1,3.4,263.9,1,1.3,179.9,191.2,205.7,1.7,0.2,1.5,0.5,19.4,57.2,9.6,1.8,1.3,1.4,0,1.2,1.1,0.3,0.3,1.4,0.6,3.5,2.8,2,1.9,1.7,0.7,0.1,0.6,0.8,1.4,2,0.7,1.5,1.2,1.4,0.3,0.8,0.5,0.7,1,1.3
20109,Canh hành tây tôm,Vietnamese Cuisine,87.1,4.8,10.3,20.2,4.2,17,4.3,121.6,0.6,0.7,59.6,250.4,108.2,1.1,1.2,1,0,98.8,90.5,20.8,0.6,1,1.8,2,0.5,1.1,1.6,0.8,1.5,0.3,3,4.3,4.9,0.2,0.9,0.4,0.9,1.1,0.2,0.6,1.9,1.1,0.9,1.5,1.5,0.1,1.4,1.7,0.3,1.6,0.6
20110,Canh hành tây với mực,Vietnamese Cuisine,157.3,20.3,4.2,20.3,4.5,21.2,2.3,137.1,1.5,1.1,34.6,179,246.3,0.7,1.9,1.5,1.2,75.2,7.9,85.9,1.6,1.8,0.3,0.2,0.3,0.8,0.9,1.1,0.3,0.4,4.1,2.4,4.1,0,1.1,1.9,1.2,0.4,1.4,0.8,1.3,0.1,1.3,0.1,1.5,1,0.3,1.1,0.1,1.3,2
20111,Canh hến nấu bầu,Vietnamese Cuisine,319.3,17.6,4,21.3,3.3,2.4,4,160.4,0.9,1.6,129.4,149.5,62.7,0.6,1.7,0.4,0.8,98.9,23.7,91.7,1.8,0.2,0.9,1,0.6,0.1,0.5,0.2,0.5,1.6,4.5,0.3,1.6,2,1.1,1.3,0,1,2,0.8,0.2,0.9,1.9,0.7,1.6,1.6,0.4,0.9,1.4,0.8,0.4
20112,Canh măng nấu sườn,Vietnamese Cuisine,388.6,19.9,26.1,1.7,1.4,15.6,0.4,298,0.5,0.8,72.1,40.6,77.4,0.6,1.3,0.6,0.7,0.6,36.6,53.4,0.3,1.2,0.6,1.3,0.1,1.8,0,0.3,1.6,0.1,3.6,4.9,4.4,1.4,1.9,0.9,1.7,0.7,1.9,0.3,1.9,1.7,1.7,0.3,1.2,0,1.4,0,0.2,0.5,1.8
20113,Canh mồng tơi nấu thịt,Vietnamese Cuisine,177.3,16.7,17.5,7.5,2.9,20.2,1.6,131.4,0.9,1.9,180.4,285,171.3,1,0,1,1.9,19.8,5.2,40.7,0.8,1.7,0.1,1.8,1.4,1.8,1.2,1.6,0.7,0.7,2,3.8,1.9,0.5,1.9,1.8,0.7,1.3,0.6,0.4,0.7,0.7,1.8,1.6,1.4,1.9,0.9,0.5,0.2,0.6,0.3
20114,Canh mướp nấu cua,Vietnamese Cuisine,82.3,18.5,11.6,17.4,1,20.6,1.2,90.6,1.5,1.1,107.1,167.5,211.3,1.8,1.2,0.5,1.5,77.8,20,82.1,0.9,1.6,0.5,0.7,1.9,1.3,1.5,1.4,0.4,0.9,4.1,3.4,0.1,0.2,0.7,1.9,1,0.5,0.7,0.4,0.8,0.4,1.7,0.9,0.6,1.9,0.6,1.8,0.1,1.4,1
20115,Canh mướp nấu tôm,Vietnamese Cuisine,205.5,2.1,2.2,10.6,4.7,18.9,1.9,187.5,0.4,0.3,114.9,260.4,157.7,0.6,1.9,1.6,0.7,97.2,98.7,40.9,1.3,0.8,0.5,0.2,0.5,0.6,0.8,0.4,1.9,0.2,3.2,2.3,2.2,0.8,1.7,0.6,0.1,1.8,1.7,0.6,1.1,0.2,0.2,1.7,0.8,1.3,1.9,0.5,0,0.1,1.4
20116,Canh nấm đậu phụ,Vietnamese Cuisine,373.6,14.6,11.9,16.7,4.3,19.9,1.2,234.6,0.3,0.3,187.7,79.2,214.4,0.7,0.6,2,0.1,64.6,3.9,76,0.5,0.2,1.3,1.5,1.4,0.1,0.6,0.9,0.6,1.6,0.7,3.1,4.9,1.8,0.5,0,2,1.8,1.8,0.8,1.5,0.4,0.8,1.7,0.3,1.8,1,0.9,0.6,1.8,1
20117,Canh nấm thịt bò,Vietnamese Cuisine,331.4,25.9,27.7,9.8,1.8,18.3,2.3,280.5,0.8,1,189,127.4,297.8,0.2,0.4,0.7,0.3,28.4,77.9,52.3,0.1,2,1.2,0.1,1.3,0.8,0.3,1.1,1.5,1.3,1.3,2.7,2.7,1.4,0.7,1.6,1.3,0.1,1.1,1.7,1.1,0.4,1,1.5,0.2,1.6,0.3,1.1,0.8,0.5,1.3
20118,Canh rau cải đậu phụ,Vietnamese Cuisine,63.1,23,16.3,26.4,2.7,2,0.8,240.7,1,0.9,102.3,92.5,290.1,0.9,1.8,1.3,1.7,85.2,95.6,69.8,1.6,1.5,1.2,1.4,1.4,0.1,1,1.6,0.5,0.9,2.2,2.1,0.7,1.1,0.9,1.3,1.1,0.1,0.1,1.4,1.4,1.9,1.8,0.9,1.3,0.9,0.5,0.8,0.2,1.3,0.4
20119,Canh rau cải thịt bò,Vietnamese Cuisine,216.4,29.1,1.9,5.4,1.6,28.3,4.6,57,2,1.5,166.6,280.2,265.4,0.8,1.3,1.3,0.7,17.9,46.7,26.3,0.7,1.9,0.9,1.4,0.7,2,1.3,0.4,0.2,1.9,4.7,3.1,0.2,0.5,1.6,1.8,0.9,0.7,0.6,0.2,0.2,1.9,1.6,0.3,0.4,1.3,1.5,1.6,0.3,2,0.5
20120,Canh rau cải thịt gà,Vietnamese Cuisine,256.3,18,29.1,20.1,3,16,3.8,40.8,0,1.9,154.6,105.2,116.7,1.6,0.8,1.5,0.9,84.4,7.6,48.1,0.9,0.5,1.9,1.8,0.9,0.2,0.4,0.6,1,0.7,3.9,2.4,4.4,2,0.4,1.2,1.7,1.9,0.6,1.5,0,1.8,0.1,1.5,2,1,0.4,1.2,1.3,1.3,0.4
20121,Canh rau đay nấu thịt,Vietnamese Cuisine,364.5,19,2.3,20.8,1.1,1.8,2.8,245.9,1.7,0.2,202.3,215.9,95.4,1.9,0.6,0.1,1,69.4,24.5,33.9,1.1,1.8,1.5,0.4,0.5,1.1,1.5,1.2,1,1.2,3.8,2.7,4.5,1.9,1.8,1.5,0.5,0.8,0.6,1.3,0.7,1.5,0.2,1.6,1.2,1.7,0.9,1.3,1.1,2,1.5
20122,Canh rau muống mực,Vietnamese Cuisine,240.7,6,27.2,7,3.3,28.2,1.2,75.5,1.7,1.7,112,86.9,46.9,2,1.7,1.8,1,11.4,5.3,33.1,1.8,1.9,1.7,0.3,0.8,0.5,0.4,1.4,1,0.7,0.6,2.8,1.8,0.8,0.6,0.8,1.1,0,1.7,1.8,1.1,0.5,2,0.8,1.4,1.4,0.9,0.4,1.9,0.1,1
20123,Canh rau muống đậu phụ,Vietnamese Cuisine,127.3,9.5,25,11.7,0.5,6.7,4.3,293.3,0.5,1.4,33.5,219.8,130.8,1.8,0.6,1.9,1,34.9,64.7,25,0.5,0.4,1.9,1,1.5,1,1.2,1.2,2,1.3,1.3,0.2,1.2,0.9,0.8,1.6,1.6,0.2,1.9,1.1,1.2,0.8,1.3,1.7,1.4,1.9,1.4,1.6,0.1,1.3,1.3
20124,Canh rau muống nấu thịt,Vietnamese Cuisine,85.6,25.4,18.8,3.9,3,14.9,1.2,15.7,0.7,1.2,105.5,99.1,227.8,1.5,1.4,0.2,1,55.8,74.5,90.3,0.7,0.9,1.5,1.3,1.1,0.7,0.4,0.4,0.2,0.2,4.2,2,0.4,1.8,0.5,0.5,0.4,1.9,0.2,1.4,1.9,1.3,1.7,0.5,1.4,1.4,0.9,1.7,1.4,1.8,1.5
20125,Canh rau muống thịt gà,Vietnamese Cuisine,232.1,15.5,14.2,1.6,2.7,13.3,0.9,44.5,0.9,0.1,296.1,119.7,120.8,0.1,0.9,0,0.1,33.9,82.1,45.9,0,0.3,1.5,1.5,1.5,0.7,0.7,1.6,0.8,1.5,2.9,1.9,0.5,0.2,1.8,0.9,2,0.7,0.5,0.7,0.7,1.3,0,1.5,0.8,0.9,1,0.9,1,0.7,0.9
20126,Canh su hào mực,Vietnamese Cuisine,191.6,16,19.1,8,2.6,18.2,0.2,160.9,0.5,0.8,249.7,104.6,150.1,0.1,0.6,1.3,0.6,20.6,29.1,95.4,0.2,0.9,0.1,1.1,0.3,1.3,0.5,1.4,0.7,0,1.5,0.5,2.5,0.6,1.3,1,0.1,0.6,1,1.1,0.2,1.3,0.7,0.4,1.6,0.1,1.9,1.4,1,0,0.8
20127,Canh su hào thịt bò,Vietnamese Cuisine,276,25.9,18.9,12.5,2.3,26.3,1.8,28.9,0.9,2,120.1,66,23.1,0.4,0.7,1.2,1.3,4.3,93.6,23.6,0.3,1.1,1.4,0.6,1.3,0.6,1.8,1.8,0.2,0.3,3.5,0.1,4.1,0.7,1.5,0.1,0.4,0.2,0.4,0.8,1,1.8,1.3,1.4,0.2,0.6,2,1.1,1.6,0.1,0.2
20128,Canh su hào thịt gà,Vietnamese Cuisine,88.2,1.4,27.7,8.4,5,22.4,1.3,297.6,1.7,0.3,63.7,207.3,32.7,1.2,0.1,0.5,1.9,49.9,57.4,27,0.9,0.3,1,0.1,0.1,1.4,0.1,1,0.5,0.4,2.9,1.6,2.3,0.3,0.3,0.2,0.2,1.1,1.5,1.6,1.9,0.3,0.3,0.9,1.7,1.5,1.1,0.3,0.8,1.4,0.8
20129,Canh su hào thịt lợn,Vietnamese Cuisine,63.7,17.9,21.9,21.7,0.9,10.7,2.1,131.9,0.2,0.8,156.9,216.1,175.1,0.8,1.9,1.2,1.9,86.7,67.4,89.9,2,0.4,1.4,1.8,0,1.6,0.2,1.8,1.2,0.3,0.3,4.2,0.8,1.9,0.2,1.7,0.9,1.7,1.5,1.7,0.9,1.4,0.6,0.1,0.5,0,0.7,1,0,0,1.4
20130,Canh su su thịt băm,Vietnamese Cuisine,85.2,3.1,15.4,21.8,4.9,9.6,0.7,29.9,0.4,0.2,11,92.7,57.6,0,0.7,1.7,0.6,71,72.9,2.6,1.9,0.3,1.4,0.8,1.7,2,0.4,1.6,1,1.9,3.3,3,1.2,1.4,0.6,1.7,2,0,1.9,0.7,1,1.8,1.6,0.5,0.2,1.7,1.5,1.7,0.8,1,0.9
20131,Canh súp lơ đậu phụ,Vietnamese Cuisine,160.2,10.7,21.8,22.8,4.3,25.5,3.8,106.5,1.4,1.9,275.7,291.7,20.5,1.2,0.4,0.5,1.7,75,32.9,52,0.4,0,1.8,1.4,1.1,0.1,0.8,0.8,0.4,0.3,0.9,3,0.7,0.5,1.9,0.4,1.5,1.2,0.8,1.2,0.3,1,1.9,0.9,0.5,1.9,1.2,1.5,1.1,0,1.5
20132,Canh súp lơ trứng,Vietnamese Cuisine,392.5,21.8,24.5,25.7,5,9.4,2.3,167.4,0.3,1,90.3,252.7,110.6,0.2,0,1.7,1.7,93.4,7.3,39.5,0.9,1.7,0.5,0.6,1.5,0.4,1.3,1.5,0.4,0.5,3.5,4,4.8,0.6,1.1,0.3,0.9,0.5,0.7,1.6,1.6,1.4,0.3,0.6,1.9,0.9,1.2,0,1,1.4,0.1
20133,Canh trứng cà chua,Vietnamese Cuisine,90.3,11.7,28.4,8.2,0.2,24.5,4.3,165.6,1.8,0.4,89.7,15.9,179.2,1.8,1.2,0.2,1.4,67.6,16.7,82.9,1.8,0.8,0.6,1.2,1.9,1.5,1.6,1.5,1.9,1.6,1.4,1.2,1.3,0.4,0.4,1.9,1.9,0.2,0.1,1.7,1.1,0.4,0.9,0.2,2,0.3,1.6,1.9,1.4,0.2,1.2
20134,Canh xương su su cà rốt,Vietnamese Cuisine,95.2,26.1,20.5,28.3,0.8,14.2,2.8,41.4,1.4,1.1,110.9,129.7,240.9,0.7,1.9,1.8,0.2,85.2,67.4,5.5,1.9,1.7,1.7,1.8,1.8,0.4,1.9,0.1,1.8,0.9,4.2,1.4,3.8,1.6,0.2,1.8,1.6,1.2,1.4,0.7,0.9,0.3,1,1.6,1.1,0.3,1.7,1.5,0.1,1.6,1.7
20135,Cháo gà,Vietnamese Cuisine,229.3,12,3.4,25,0.1,11,1.7,274.5,0.9,1.8,35.9,255.4,187.6,1.1,0.6,1,0.6,45.6,76.9,62.5,1.4,1.8,0.1,0.4,1.5,0.8,1.3,1.8,1.5,1.9,0.8,3.8,3.5,0,0.1,0.1,1.1,1.6,0.8,0,0.4,1.9,0.5,1.7,0.7,1,1,0.3,0.7,2,1.1
20136,Cháo thịt băm,Vietnamese Cuisine,212.8,16.9,8.6,17.4,3.7,4.1,1.5,70.6,1.5,1.9,133.2,193.6,19.1,0.3,0.8,1.3,1.3,19.2,13.3,93.8,0.7,0.9,0.2,1.8,1.3,1,0.9,0.1,0.4,1.7,3.1,1,1,0.7,1.2,1.1,1.1,1.7,1.7,1.7,1.4,0.8,0.5,1.9,0.1,1.2,1.7,0.6,2,1.8,0.4
20137,Cơm rang tôm,Vietnamese Cuisine,144.6,27,4.2,6.5,3.1,5.3,2.9,176.9,1.2,0.5,248.1,291.4,90.6,1.7,0.6,0.7,1.6,13.7,6.2,38.7,0.3,0.2,1.2,0.4,0.6,1.5,0.2,2,0.6,1.1,4,1.3,1.8,0.4,0.8,1.5,1.4,0.4,1,1.4,1.5,1.3,0.4,1.7,0.6,0.7,1.1,1.7,1.3,1.4,0.4
20138,Cơm trắng,Vietnamese Cuisine,173.4,5,22.4,28.5,3.7,4.6,3.5,135.6,0.2,2,220,190.5,263.2,0.7,1.3,0.9,0.3,54.1,63.2,47.3,0.3,0.2,1.3,1.7,1.8,0.8,1.9,1.6,0.9,0.8,1.7,0.4,0.1,0.5,0.5,1.5,0.3,1.4,1.5,0.9,0.2,1.4,1.8,0.7,1.5,1.5,0.1,0.1,1.4,1.7,1.8
20139,Đậu cô ve xào tỏi,Vietnamese Cuisine,99.6,17.9,9.2,7.5,3.7,13,2.2,254.9,0.5,1.1,250,48.2,182.9,1.7,1.5,1.8,0.1,69.1,20.4,55.7,1.6,0.8,1.4,1.7,1.9,1.1,0.6,0.8,1.7,0.5,4.4,0.4,4.9,0.2,1.8,1.1,1.1,2,1.9,1.6,1.3,1.4,0.3,0.9,0.9,0.2,0,0,1.5,0.9,1
20140,Đậu phụ chiên,Vietnamese Cuisine,138.7,16.7,4.7,5.7,4.1,1.8,4.6,108.1,1.9,0.1,100.7,182,282,0.2,1.6,1.2,1.3,99.2,32.1,36,1.1,1.3,0.6,1.4,0.2,0.4,0,1.5,1.9,1.5,0.9,1.5,3.4,0.6,0.8,0.5,1.1,1.7,0.5,1.1,1.3,0,0.5,1.1,1.7,0.5,1.8,1.7,0.8,1.6,1.7
20141,Đậu phụ chiên hành tây,Vietnamese Cuisine,148.6,4.3,3.9,26.5,2.5,20.5,2,236.3,1.7,1.8,196.1,268.7,261.4,0.6,1.2,0.5,1.3,89.7,48.3,82.5,0,1.7,1.9,0.6,1.4,1.6,0.3,0.8,0.4,1.5,2.1,0.1,1.4,0.4,0.2,1.1,0.7,0.4,1.9,0.7,0.3,1.1,1.8,1.6,0.3,0.6,0.5,1.9,0.6,0.3,0.9
20142,Đậu phụ hấp,Vietnamese Cuisine,264.1,5.6,1.7,3.7,3.3,5.7,1.4,206,1.7,1.9,121.2,75.6,224.3,1.4,1.9,0.2,1.8,17.6,74.7,99.5,0.5,1.5,1.6,0.6,1.8,0.1,0.5,0.6,0.2,0.5,4,1.4,2.6,0.3,1.2,1.2,0.4,0.2,1.4,1.3,1,1.8,2,1.5,1.9,0.3,0.3,2,0.8,1.1,1.9
20143,Đậu phụ kho,Vietnamese Cuisine,261.4,26.2,21.5,25.8,2.4,28.5,0.7,244.2,0.5,1.2,235.1,213.3,137.5,1.9,0.3,1.4,0.5,68.8,19.1,4.8,1.6,1.6,0.3,1.6,0.7,1.1,1.2,1.8,1.1,1.7,2.2,3.3,1,1.4,1.9,0.9,1.3,1.1,0,1.8,1.6,0.8,0.2,0.7,1.1,0.5,1.7,0.6,0.4,0.4,1.5
20144,Đậu phụ kho bắp cải,Vietnamese Cuisine,241.3,21.2,9.4,12.6,4.5,10.6,4.5,290.2,0,1,190.4,13.6,111.5,0.1,1.2,0.9,0.5,77.8,54.3,33.2,1.9,2,0.4,2,1.2,1.8,0.6,0.1,0,0.9,0.1,2.3,3.7,1.3,1.5,1.2,1.9,0.5,1.8,2,0,0.9,1.4,1.2,2,1.3,1.2,1.9,1.8,1.7,0.8
20145,Đậu phụ luộc,Vietnamese Cuisine,294.1,28.7,8,15.2,3.8,18.3,3.9,86.6,0.3,0.9,202.8,183.3,187.1,0.2,1,0.4,1.4,55.8,60.1,59.6,0.6,0.2,0.8,0.6,1.1,0.5,0.5,0.7,0.4,0.8,4.1,4.3,0.6,0.7,1.2,0.5,1.8,1.4,0.4,0.2,0.2,0.4,0.8,1.5,0.3,0.1,1.8,0.7,0.7,1.1,0.8
20146,Đậu phụ luộc hành tây,Vietnamese Cuisine,153.3,21.8,24,25,3.9,21,1,222.2,0.6,1.4,38.4,132.7,124,0.1,1.8,1.4,1.6,66.6,34.3,50.7,0.3,0.3,0.7,1.3,1.2,1.6,1.1,1.4,0.1,1.9,4.2,4.7,1,0.3,1.1,1.7,1.5,0.5,1,0.5,1.1,1.1,0.2,1.3,0.2,0.1,1.7,0.5,0.9,1.9,1.3
20147,Đậu phụ nướng bắp cải,Vietnamese Cuisine,180.4,25.7,7.2,15.2,2.9,18,0.2,119.3,1,0.9,248.4,219.7,280.3,0.5,0.3,0.4,1.3,25.2,66.5,68.3,0.2,1.5,0.6,0.5,0.5,1.8,1.2,1.3,0.4,0.7,4.1,1.8,4.1,0.4,1.5,0.2,1.6,1.3,1.9,0.1,0.3,0.1,0,1.7,1.3,1.3,0.8,0.1,0.9,0.3,1.9
20148,Đậu phụ nướng su hào,Vietnamese Cuisine,357.5,9.7,1.5,1.6,2.7,24.9,1.8,200.7,1.7,1.3,11.8,169.8,60.7,1.6,0.8,0.9,0.6,23,16,40.8,1.1,1.8,0.8,0.7,1.6,1.4,0.2,1.4,1.9,1,2.5,3.6,1.1,0.7,0.6,2,0.3,0.4,0.9,0.6,1.7,0.9,1.4,1.6,0.6,1.5,0.8,0.5,1.8,1.1,1
20149,Đậu phụ rán,Vietnamese Cuisine,113.2,27.1,19.5,28.5,0.3,4.4,4.4,141,0.9,0.5,151.6,137.2,219,1.3,1.6,1.6,0.8,30.1,32.7,99,0.8,1.5,0.2,0.9,0.7,0.3,0.1,0.5,1.6,0.6,4.4,2.9,4,2,1.3,0.7,0.6,1.9,1.4,1,0.4,1,1.5,1.9,1.3,0.1,0.9,1.7,1,0.7,1.7
20150,Đậu phụ sốt cà chua,Vietnamese Cuisine,252.2,15.6,15.1,20.8,2.3,17.4,1.5,59.8,1.6,0.6,46.4,63.4,129.7,0.6,1.4,0.7,1.2,16.7,13.7,90.6,1.7,1.8,1,0.2,0.6,1.8,0.9,0.7,0.6,1.1,2.3,1.9,2.2,0.5,0.4,0.4,0.1,1.9,1.9,0.2,0.2,0.8,1.5,1.7,0.1,0.6,1.1,0.3,1.9,0.5,1.1
20151,Đậu phụ xào cà chua,Vietnamese Cuisine,88.4,10.8,4.6,27.4,4.8,16.7,1.8,103.8,1.8,1.2,128.8,233.7,165.2,0.4,0.5,0.6,0,25.6,61.1,75.3,0.2,1.9,1,0.1,1.9,0.6,0.6,0.9,0.7,0.4,0.7,2.6,0.4,1.4,0.7,2,0.1,0.1,0.5,0.7,1.6,1.7,1.4,1.7,1.5,1.7,0.9,0.6,1.3,0.7,0.1
20152,Gà hầm cà rốt,Vietnamese Cuisine,349.5,25.2,15.4,14.5,0.7,4.7,4,257.7,0,1.6,165.4,136.8,147.9,1.4,0,0.1,1.7,99.8,24.2,40,1.4,1.3,1.6,1.8,0.5,1.1,0.3,1.9,1.5,0.4,3.7,4,0.8,1,1.6,0.7,0.1,0.7,1.6,0.2,0.6,1.7,0.3,0.8,1.1,0.4,1.4,1.6,1.3,1.7,0.3
20153,Gà kho nấm,Vietnamese Cuisine,51.2,8.7,25.4,4.7,3.8,27.9,2.8,266.1,0.5,1.4,236.2,151.4,184.8,0.2,0.6,0.2,0.5,89.3,3.1,49.7,1.1,0.6,1.6,1.2,0.4,0.9,0.1,0,1.5,0.4,4.8,1.9,3.5,0.9,0.8,1.3,1.3,1.8,0.2,1,1.2,1.3,1.3,0.7,0.1,1.4,0.1,0.9,1.4,0.6,0.1
20154,Gà luộc,Vietnamese Cuisine,82.5,5,20.3,20,4.9,10.4,0.7,60,0.1,1.6,32.1,269.2,24,1.6,0.4,0.1,1.4,0.3,29.8,5.7,0.3,0.3,1.4,1.9,0.5,0.8,0.8,0.5,1.4,0.5,2.6,0.7,4.3,1.4,1.1,1.2,0.5,1.7,0.3,1.8,1.2,1.9,0.6,1.9,1.3,0,0.2,1.2,0.2,1.5,1.3
20155,Gà xào nấm,Vietnamese Cuisine,115.6,19.5,17.4,8.1,3.6,8.3,4.3,124.9,1,1.3,266.1,142.3,199.9,1.2,0.2,1.3,0.1,50.6,10.7,60.9,1.4,1.6,1.2,2,0.7,0,1.6,0.9,1.1,1.7,1.4,1.7,0.6,1.4,0.4,1.7,1.2,1.8,0.1,2,0.8,1.1,1.3,1,1.1,0.8,0.4,1.9,1.6,1.2,0.1
20156,Gan lợn xào hành tây,Vietnamese Cuisine,363.2,3.2,23.7,2.7,3.8,25.5,2.3,170.8,1.7,1.9,15.2,47.6,260.6,1.4,0.6,0.9,0.2,2.9,73.2,72.4,1.4,1.8,0.6,0.9,0.5,1.3,1.3,0.8,1.9,1,4.6,3.7,4.7,1.5,0.5,1.4,0.5,0.6,0.5,1,0.9,1.8,1.2,0.7,1.3,0.7,1.7,0.2,0.4,0.2,1.7
20157,Mực xào dứa,Vietnamese Cuisine,145.2,29.8,5.4,10.4,4.5,19.4,2.5,57.5,1.6,0.7,228.4,179,188.8,0.7,0.2,1.2,1.5,57.6,60.1,69.7,0.1,0.5,1.2,0.3,0.5,0.1,0.4,0,1.6,1.2,2.8,0.1,4.3,0,1.6,0.4,1.6,0.3,1.1,0.1,1.1,0.3,1.6,0.5,0.2,0.1,1.2,1.3,1.8,0.1,0.8
20158,Mực chiên,Vietnamese Cuisine,107.1,15.6,7.9,12.9,1.9,21,3.7,133.2,0.5,1.6,255.9,166.6,82.4,1.6,0.7,1.8,0.5,94,42.8,75.3,0.4,1.3,1.2,0.8,1.5,1.6,1.5,1.6,1.5,0.3,3.9,1,0.6,1.8,1.2,0.4,1.3,0.7,0.3,1.6,0.2,1.9,1.5,1.4,0.5,1.5,0.1,1.1,0.6,1.7,1.5
20159,Mực hấp,Vietnamese Cuisine,220.7,14.7,3.1,7.8,3.6,2.9,4,294.1,0.2,0.9,177.9,245.7,53.5,0.7,1.7,1,0.3,86.9,93.6,74,1.9,1.9,0.3,0.8,1.2,1.5,1.1,1.3,0.2,0.8,0.1,3.3,0.9,0.8,1,1.3,1.5,1.4,1.1,1.1,1.7,1.7,0.1,0.5,1.8,1.2,0.3,0.2,0.2,1.5,0.5
20160,Mực hấp bắp cải,Vietnamese Cuisine,135,4.8,18.4,15.9,1.5,20.1,3.9,294.1,1,0.8,94.7,237.5,291.9,1.2,1.3,1.4,0.9,22,25.6,61.7,1.3,0.9,0.1,1.8,0.5,1.2,1.5,0.4,1,0,0.3,1.3,3.3,1.8,0.9,0.1,0.6,1.9,0.2,1.5,1.5,1.2,1.9,1.3,1.9,1.7,1.6,1.9,1.2,0.7,0.2
20161,Mực hấp hành tây,Vietnamese Cuisine,293,16.2,12.2,28.5,4.6,12,4.7,135.3,0.4,1.2,37.3,54.3,246.1,1.6,0.5,1.5,1.9,95.8,44.5,86.4,1.1,1.1,0.5,0.8,0.4,1.5,1.3,1.6,1.2,0.6,4.8,3.3,2.4,1.6,0.5,1.6,0.7,0.2,1.6,0.4,1.3,0.5,1.4,0.3,1.3,0.4,1,1.7,1,1.5,0.3
20162,Mực hấp rau cải,Vietnamese Cuisine,280,5.4,23.3,21.7,2.1,14.6,0.9,194.3,1.8,1.1,101.4,128.7,73.3,0.9,1,1.9,0.9,86.2,16.7,54.5,1.2,1.2,1,1.5,0.4,0.1,0.3,1.1,0.5,1.5,0.4,4.6,4.8,1.6,1.8,0.8,0.3,0.4,1,1.3,1.1,0.2,1.5,1.6,0.1,0.9,0.9,0.1,0.4,1.6,1.2
20163,Mực kho (hoặc Mực khô),Vietnamese Cuisine,126.6,14.3,25.8,4,4.8,5.1,1.5,62.6,0.9,0.6,296.7,14.5,103.2,1.2,0.7,0.9,0.9,8.6,64.9,83.4,1.1,0.3,1,0,1.8,0.5,1.8,1.2,2,1.7,0.2,0.2,3.7,1,1.5,1.2,0.5,1.6,0.1,1.6,1.3,1.3,0.1,0.4,1,0.9,0.1,0.7,1.9,0.6,1.3
20164,Mực luộc,Vietnamese Cuisine,288.6,19.1,9.4,17.6,3.6,12.1,1.5,89.7,1.8,1.3,228.2,174.7,192.8,0.6,1.8,1,1.6,51.8,11.6,11.2,0.9,0.9,1.8,0.3,1.4,1.8,0.8,1.8,0.3,0.2,1.2,2.7,3.3,1.5,1.5,0.2,1.7,0.2,1.8,1.9,1.2,1.4,0.7,1.1,1.7,0.3,1,0.8,1.7,0.3,1.8
20165,Mực luộc rau muống,Vietnamese Cuisine,137.6,18.6,12,28,1.1,15.6,1.2,242.4,0.5,1.9,278.1,147.8,13.8,1.9,1.4,1,1.2,11.1,15.8,63.9,0.1,1.4,1.8,1.4,1.1,1.6,1.5,1.2,0.4,0,2.3,1.3,1.2,1,0.8,1,0.5,1.2,1.2,0.4,1.1,0.9,1.9,1.4,0.4,1.8,1,1.7,1.7,0,0.5
20166,Mực lướt rau cải,Vietnamese Cuisine,368.9,23.3,4.9,7.2,3.1,9.1,1.1,295.2,0.9,1,199.1,32,125,1.8,1.9,1,1.8,49.9,98.6,78.7,1.7,0.4,0,1,2,1.9,1.2,0.4,0,1,1.6,1.8,4.2,0.2,0.2,0.9,0.8,0.1,1.1,0.9,2,0.1,0.2,0.3,0.7,1.3,1.9,1.8,0.9,0.2,1.3
20167,Mực nướng,Vietnamese Cuisine,196.2,1.7,24.7,16.3,2.2,22,4.3,280.3,0.7,0.4,105.8,293.1,38.6,1.9,1.2,0,1.7,68.1,14.5,34.1,1.7,1.5,0.6,1.6,0.5,1.1,1.9,0.9,1.1,1.6,1.1,2.3,4.6,1.3,1.4,1.9,1.2,1.7,2,1.4,1.4,0.4,0.9,1.5,0.7,0.2,0.1,1.3,0.1,1,1.8
20168,Mực xào rau muống,Vietnamese Cuisine,338.4,21.9,25.9,22.7,0.2,14.7,0.2,171,0.5,0.9,69.2,247.6,63.5,0.7,0,0.6,0.1,45,2.7,38.8,1.2,1.8,1.1,1,0.1,0.8,0.8,0.7,1.8,0.8,1.1,3.9,4.1,0.7,1.6,1.4,0.2,0.7,1.7,0.8,1.7,0.9,1.1,0.8,1.2,1.1,1.7,1.9,0.6,0.3,0.7
20169,Mực xào su hào,Vietnamese Cuisine,299.4,7.1,10.3,28.1,3.8,28.7,0.5,151.3,1.8,0.9,209.9,59.4,81.6,0.9,0.6,1.3,1.7,35.8,76.3,28,0.8,0.1,0.3,0.2,1.2,1.3,0.1,1.1,1.5,1,2.4,3.2,2,1.2,1.8,1.7,1.5,1.7,0.6,1.5,0.6,1,1,0.1,1.1,1,1,0.1,0.8,0.9,1.5
20170,Nấm xào mực,Vietnamese Cuisine,307.1,12.1,12.7,21.6,2.2,18.6,1.4,25.6,1.4,1.3,34.2,17.1,10.7,0.3,0.4,1.7,0.9,65.2,97,44.2,1.6,0.8,1.5,0.5,1.8,0.1,0.9,2,0.3,0.2,1.7,0.8,3.4,1.2,1.1,1.9,0.6,0.9,0.9,1.4,0.5,1.5,0.4,2,1.9,0.8,1.8,0.8,1.1,1.5,1.5
20171,Nộm bắp cải gà,Vietnamese Cuisine,360.1,14.4,18.2,17.5,2.6,21.1,1.4,28.9,1,0.9,162.9,187.7,115.8,0.6,1.4,0.8,1.7,76.2,90.1,9.6,0.3,1.2,1.4,0.4,0.1,1.7,1.6,1.8,0.6,1,3.7,3.2,0.2,1,2,0.5,0.9,1.6,0.5,0.8,1.4,0.9,1.9,1.7,0.6,0,1.1,1.7,1.8,0.3,1.8
20172,Nộm đu đủ bò khô,Vietnamese Cuisine,224.2,29.4,24.2,5.8,2.7,26.6,4.1,290.8,1.7,2,162.1,182.9,30.3,0.8,0.6,1.8,0.7,88.6,23.9,58.2,1.1,0.2,0.6,2,1.2,1.7,1.4,1.8,0.7,0.4,0.5,4.2,2.7,1.4,0.1,1.7,1.2,0.2,1,1.2,0.7,1.4,1.2,1.7,1.7,0.1,1.3,1.4,0.3,1.8,1.7
20173,Nộm ngó sen tôm thịt,Vietnamese Cuisine,98.8,26.6,19.8,23.8,4,5.7,0.4,194.7,0.7,0.5,47.7,259.2,175.7,1.7,1.1,0.1,0.4,81.7,19.1,91.2,0.6,0.9,1.3,1.6,1.5,1.6,1,0.7,0.4,1.9,2.9,4.8,2.5,0.8,1.2,2,1.7,0.8,0.1,0.8,1.5,0,1.7,0.5,0.7,1.8,0.8,1,0.9,0.7,0.2
20174,Rau muống luộc,Vietnamese Cuisine,198.4,15.3,7.3,24.9,2.5,7.9,0.6,177.6,1,1.4,296.6,68.1,222.6,0.9,0.8,0.6,0.7,11.8,45.5,58.8,0.6,0.9,0.9,1.3,1.2,1.9,1.1,1.2,1.1,0.7,0.9,0.2,1.2,1.1,0.1,0.6,0.1,1.4,1,1.8,1.3,1.4,1.8,1.8,0.7,1.2,0.8,1.1,1.9,2,0.9
20175,Rau muống xào đậu phụ,Vietnamese Cuisine,72.6,28.8,4.4,1.7,3.5,25.6,3.1,182.2,0.7,1.3,249.2,104.8,143.6,1.3,1.6,1.3,0.3,53,43.5,64.6,1.3,0.2,0.3,0.2,0.2,1.1,0,1.6,1.1,1.4,2.5,4.5,4.1,1,0.5,0.3,1.7,1.4,0.5,1.5,0.6,0.5,1.5,1.5,1.6,1.7,1.1,0.5,1.2,0.6,1.6
20176,Rau muống xào thịt bò,Vietnamese Cuisine,91.6,10.5,2.1,13.9,0.8,29.2,1.8,239.1,1.7,0.2,203.9,109.8,96.4,1.5,0.5,0.6,1.5,35,39.2,74.1,0.3,1.4,0.7,1.7,1.2,0,0.3,1.5,0.4,0,3.7,3.4,1.2,1.3,1.3,1.9,0.2,0.4,0.6,1.5,0.9,0.7,0.8,1,0.7,1.4,0.1,1.2,0.7,1,1.5
20177,Su hào xào cà rốt,Vietnamese Cuisine,62.4,7.3,15.8,18.9,1,6.7,3.2,219.9,0.9,0.9,126,83.2,295.8,1.3,0.7,0.5,0.5,31.7,55.5,58.2,1.3,0.1,1.2,1.2,1.8,0.5,0.1,1.9,1.1,0.2,1.7,2,3.9,0.5,1.9,1.1,0.2,1,1.2,1.9,1.8,1.9,1.3,1.3,1.4,0.1,0.5,0.5,1.6,0.3,1.5
20178,Sườn lợn kho,Vietnamese Cuisine,196.3,8.9,27.2,9.8,3.9,23,1.9,104.5,0,0.9,61.5,13.2,188.6,0.3,0.6,1.4,1.5,95.2,90.8,51.5,1.9,0.7,1.1,1.1,0.1,0.1,0.5,1.9,1.8,1.3,0.4,4.8,0.4,1,1.2,1.4,1.9,0.7,0.8,1.1,0.5,1.1,0.7,1.9,0.6,1.3,0.8,2,1.8,0.6,0
20179,Súp lơ trắng xào cà rốt,Vietnamese Cuisine,153.7,15.3,10.8,20.1,1.7,10.5,4.5,94.3,1.2,1,85.1,53.4,112.7,0.6,0.7,1.6,1.1,97.4,30.2,24.8,0.1,1.7,1,0.6,0.1,1.2,0.6,1.3,0.2,1,0.8,3.3,3.7,1.6,1.6,1.8,1.7,1.6,0.5,1.8,1,0.3,1.6,1.6,0.9,1.4,0.2,0.3,0.8,0.5,1.7
20180,Súp lơ xào thịt bò,Vietnamese Cuisine,352.6,5.1,10,14.1,0.7,4.5,2.4,186.1,0.3,0.3,212.9,275.8,10.4,1.5,0,1.9,0.7,76.9,52.3,36.8,0.8,1.4,1.8,1.6,0.7,1.5,0.3,0,1.4,0.2,2.1,4.1,2,0.1,0,1.8,1.6,1.3,0,1.5,0.9,0.2,1.5,1.4,0.4,0.7,1.9,0.2,1.6,1.3,0.5
20181,Thịt băm viên rang,Vietnamese Cuisine,249.2,17.7,2.4,21,0.3,17.3,0.3,238.2,1.9,0.1,264.8,237.4,129.1,0.4,1.5,1.5,1.3,31.2,45.4,1.2,0.7,1,0.5,1.1,0.5,1.3,1.2,1.7,0.4,1.5,4.4,0.3,2.1,0.7,0.1,1.5,1.8,1.5,1.5,0.7,0.5,1,0.2,1.3,1.2,1.8,1.8,1.9,0.1,1.5,0.6
20182,Thịt bò chiên,Vietnamese Cuisine,305.7,17.2,29.5,14.7,0.7,19.2,2.3,106.2,1.2,1.7,80.3,205.7,223.2,1.9,0.4,1,1.4,4.9,87,34.1,1.4,0.8,1.8,1.6,0.9,1.9,1.5,0.9,1.8,1.1,2.8,0.6,4.5,0.8,1,2,1.7,0.2,1.5,0.5,0.3,1.6,1.1,0.9,0.2,0.2,0.8,1.9,0.4,1.4,1.1
20183,Thịt bò chiên bắp cải,Vietnamese Cuisine,243.2,28.6,25.9,25.6,0.4,29.7,4.7,41.5,1.1,0.1,40.9,261.5,22.5,0.5,1,0.5,1.9,32.4,71.5,77.3,0.1,0.8,0.4,0.5,0.8,0.1,1.2,0.4,0.2,0.9,1.8,4.9,4,0.5,1.2,1.1,0.4,1.5,1.4,0.3,1.5,1.3,0,0.1,1.1,0.2,1.2,0.4,1.4,0.7,1.5
20184,Thịt bò chiên cà rốt,Vietnamese Cuisine,117.1,20,29.2,15.2,1.5,10.1,1,176.2,1,1.1,208.2,15.2,46.5,0.4,0,0.4,1.7,65,16.1,3.6,0.5,1.4,0.9,1.1,1.1,0.5,0.3,0.3,1.9,1.9,3.8,3.3,1.2,0.2,1.9,0.6,0.4,1.9,0.3,0.6,0.4,0,0.4,0.9,1.1,0.3,1.4,1.1,1.2,0.6,0.4
20185,Thịt bò chiên súp lơ,Vietnamese Cuisine,328.8,11.2,16.1,22.5,4.4,14,4.9,163,1.6,0.2,36.9,188.1,121.8,1.5,1.1,1.2,0.3,55.2,54.5,73.8,1.4,1.2,0.3,1.9,1.2,0.3,1.6,0.3,0.5,1.1,0.8,0.5,3.4,0.1,0.7,0.5,1.9,1.2,0.1,0.8,0.8,0.3,1.5,0.4,1.7,1.9,0.2,1.3,1.3,1,1.3
20186,Thịt bò hấp,Vietnamese Cuisine,366.6,22.9,19.7,13.4,1.3,6.9,1.2,260.6,0.2,0.2,16.2,220.7,11.5,1.8,1.9,0.5,0.1,96.4,20.9,53.6,1.3,1.2,1.7,1,1,2,1.1,0.4,0.3,1.7,1.9,4.7,4,1.9,1.1,0.1,1.7,1.2,1.7,0.6,1.7,0.4,0.6,0.3,0.3,0.2,1.1,1.4,0.4,1.8,0.2
20187,Thịt bò hấp rau cải,Vietnamese Cuisine,88.2,26.6,21.1,6.3,4.9,2,0.6,91.8,1.5,1.4,241.2,168.1,183.9,0.7,0.8,0.2,0.2,69.7,2.5,45.3,1.3,1,0.1,1.5,1,0.6,0.3,1.2,1.8,0.5,4.4,3.4,0.2,1.7,0.8,1.7,0.4,1,0.4,1,1.8,1,2,0.5,1.2,1.9,1.5,1.4,1.5,0.7,0.6
20188,Thịt bò kho,Vietnamese Cuisine,100.6,18.5,27.7,23.2,4.9,29.8,2.2,159.9,1.6,1.5,234.7,171.7,180.2,1.7,1.9,1.6,1.5,15.8,85.6,94.5,0.6,0.4,0.3,0.1,0.8,0.4,0.3,1.5,1.5,1.4,3.4,2.6,0.4,2,2,1.8,1.5,1.5,1.2,0.2,1.6,1.4,0.2,1.2,0.4,1.1,0.5,1.3,1.6,0.1,0.2
20189,Thịt bò kho cà rốt,Vietnamese Cuisine,399.2,20.8,10,7.9,2.2,28.4,3.5,298.2,1.1,0.9,69.5,166.1,196.7,1,0.3,0.3,1.6,21.4,10.5,16.4,1.8,1.3,1.5,0.5,1.3,0.4,1,0.2,1,0.5,1.2,2.5,2.9,1.4,0.6,0.6,0.2,0.6,0.7,1,0.8,1.4,0.9,1.7,1.1,1.2,1.4,1.4,1.9,1.5,1.9
20190,Thịt bò luộc,Vietnamese Cuisine,169.7,29.2,18.4,10,0.8,16,4.8,254,1.5,0.1,234.3,209.5,252.9,0.2,0.8,0.7,1.5,76,50,36.4,0.2,0.3,0,1.6,1.8,0.1,1.6,0.6,1,1.4,1.7,4.9,4.9,1.3,2,0.2,0,1.7,1.4,0.6,1.1,0.8,0.9,1.1,1,1.2,0.7,1.1,1.7,0.7,0.6
20191,Thịt bò nướng,Vietnamese Cuisine,221.1,10.3,27.2,18.6,3.7,1.9,0.6,126.9,0.8,0.1,240.4,173.5,154.8,1.4,1.4,0.7,1,58.1,0.4,14.1,0.8,0.1,0.1,1,1.2,0.5,1.8,1.6,1.7,0.9,4.1,3.4,0.6,0,1.9,1.1,1.5,0.3,1.4,1.3,1.8,0.6,0.7,1.2,1.8,0.5,0.2,0.7,1.3,2,0.4
20192,Thịt bò nướng rau cải,Vietnamese Cuisine,333.9,7.5,15.9,22.7,0.6,24.1,0.5,104.1,0.1,1.7,184.6,58,43.9,1,0,1.6,1.9,3.5,58.6,61.2,0,1.5,0.5,1.3,0.4,0.2,0.5,1.8,1.5,1,0.7,1.1,4.8,0.3,0.6,1.1,0.7,0.5,1.4,0.3,0.9,0.2,0.6,0.7,1.3,0.9,0.6,1.4,1,1.4,0.8
20193,Thịt bò xào súp lơ xanh,Vietnamese Cuisine,304.1,17.5,8.2,16.8,0.8,1.3,3.5,61.6,1.2,0.9,136.5,101,161.4,1.9,1.5,0.8,1.7,52.7,98.6,97.1,0.1,0.4,1.7,0.7,0.5,1.1,1.3,0.6,1.7,1,1.2,3.4,2.4,0.3,0.2,1.2,0.1,1.9,0.4,2,0.6,1.9,1.3,0.2,0.5,0.8,0.8,1.1,1.2,0.6,0.2
20194,Thịt gà chiên,Vietnamese Cuisine,291.8,14.4,20.8,17.5,0.1,24.3,3.9,127,1.6,0,133.6,133.2,66.9,0.4,0.1,1.3,1.9,92.6,20,54.1,1.6,0.7,0.4,0.1,1.5,0.5,0.4,1.8,1.7,1.6,0.4,4.7,2.3,0.5,1.5,0.1,0.3,0.9,1.9,0.1,0.1,0.2,0.6,0.5,0.3,1.4,1.5,0.8,1.1,1.2,1.6
